transaction_id,merchant_id,date,amount_sar,financed,term_days,days_to_repay,status
T-000296,M-1004,2025-08-31,43117,1,30,15,on_time
T-001238,M-1014,2025-08-31,5955,0,,,cash
T-001241,M-1014,2025-08-31,9995,1,30,30,on_time
T-002322,M-1029,2025-08-31,13948,0,,,cash
T-002756,M-1036,2025-08-31,16526,1,30,42,late
T-002968,M-1040,2025-08-31,11802,0,,,cash
T-003206,M-1044,2025-08-31,19452,1,21,19,on_time
T-003281,M-1045,2025-08-31,6887,1,21,9,on_time
T-000297,M-1004,2025-09-01,25967,1,30,15,on_time
T-000591,M-1007,2025-09-01,23758,0,,,cash
T-001062,M-1012,2025-09-01,60253,1,30,30,on_time
T-001240,M-1014,2025-09-01,16381,0,,,cash
T-001458,M-1017,2025-09-01,13313,1,30,16,on_time
T-001671,M-1020,2025-09-01,14386,0,,,cash
T-003079,M-1042,2025-09-01,16285,0,,,cash
T-003282,M-1045,2025-09-01,14500,0,,,cash
T-003437,M-1047,2025-09-01,14497,1,21,40,late
T-003881,M-1054,2025-09-01,14462,1,21,,default
T-001386,M-1016,2025-09-02,36564,1,30,17,on_time
T-002179,M-1027,2025-09-02,11632,1,30,16,on_time
T-002533,M-1032,2025-09-02,10015,0,,,cash
T-002536,M-1032,2025-09-02,4624,0,,,cash
T-002697,M-1035,2025-09-02,12736,1,30,22,on_time
T-002700,M-1035,2025-09-02,9634,0,,,cash
T-002811,M-1037,2025-09-02,18215,0,,,cash
T-003208,M-1044,2025-09-02,21176,1,21,20,on_time
T-003285,M-1045,2025-09-02,24329,1,21,18,on_time
T-000008,M-1001,2025-09-03,20697,1,30,18,on_time
T-000209,M-1003,2025-09-03,33261,1,30,26,on_time
T-000210,M-1003,2025-09-03,51395,1,30,16,on_time
T-000775,M-1009,2025-09-03,38825,1,30,22,on_time
T-000964,M-1011,2025-09-03,37067,0,,,cash
T-001523,M-1018,2025-09-03,14427,1,30,24,on_time
T-001525,M-1018,2025-09-03,28214,1,30,17,on_time
T-001741,M-1021,2025-09-03,31910,0,,,cash
T-002401,M-1030,2025-09-03,31124,1,30,25,on_time
T-002699,M-1035,2025-09-03,7490,1,30,23,on_time
T-002809,M-1037,2025-09-03,13465,0,,,cash
T-003578,M-1049,2025-09-03,36828,0,,,cash
T-000393,M-1005,2025-09-04,9609,1,30,27,on_time
T-001239,M-1014,2025-09-04,8743,0,,,cash
T-001883,M-1023,2025-09-04,25256,0,,,cash
T-003280,M-1045,2025-09-04,14692,0,,,cash
T-003364,M-1046,2025-09-04,12023,1,21,13,on_time
T-003366,M-1046,2025-09-04,5668,0,,,cash
T-000208,M-1003,2025-09-05,59721,0,,,cash
T-000677,M-1008,2025-09-05,31654,1,30,21,on_time
T-001452,M-1017,2025-09-05,13528,0,,,cash
T-001453,M-1017,2025-09-05,23414,0,,,cash
T-001457,M-1017,2025-09-05,6455,1,30,27,on_time
T-001528,M-1018,2025-09-05,29175,1,30,21,on_time
T-001673,M-1020,2025-09-05,7950,1,30,29,on_time
T-002475,M-1031,2025-09-05,11417,0,,,cash
T-002598,M-1033,2025-09-05,14378,0,,,cash
T-003076,M-1042,2025-09-05,12767,1,30,30,on_time
T-003078,M-1042,2025-09-05,20892,0,,,cash
T-003139,M-1043,2025-09-05,15690,0,,,cash
T-003205,M-1044,2025-09-05,9536,1,21,30,late
T-000007,M-1001,2025-09-06,22830,1,30,25,on_time
T-000102,M-1002,2025-09-06,17760,0,,,cash
T-000866,M-1010,2025-09-06,44221,1,30,25,on_time
T-001451,M-1017,2025-09-06,15500,0,,,cash
T-002035,M-1025,2025-09-06,20795,1,30,16,on_time
T-002254,M-1028,2025-09-06,23707,1,30,22,on_time
T-002402,M-1030,2025-09-06,50344,1,30,23,on_time
T-002916,M-1039,2025-09-06,13932,0,,,cash
T-002918,M-1039,2025-09-06,19006,0,,,cash
T-002964,M-1040,2025-09-06,9116,1,30,19,on_time
T-003140,M-1043,2025-09-06,15470,0,,,cash
T-003882,M-1054,2025-09-06,10372,1,21,39,late
T-000301,M-1004,2025-09-07,57450,0,,,cash
T-000490,M-1006,2025-09-07,29724,0,,,cash
T-000493,M-1006,2025-09-07,21150,1,30,28,on_time
T-000774,M-1009,2025-09-07,32705,1,30,17,on_time
T-001167,M-1013,2025-09-07,21808,1,30,25,on_time
T-001311,M-1015,2025-09-07,15088,1,30,30,on_time
T-001675,M-1020,2025-09-07,13501,1,30,26,on_time
T-003075,M-1042,2025-09-07,11299,1,30,18,on_time
T-003774,M-1052,2025-09-07,4686,1,21,16,on_time
T-003994,M-1056,2025-09-07,5703,0,,,cash
T-000005,M-1001,2025-09-08,31932,0,,,cash
T-000776,M-1009,2025-09-08,31576,0,,,cash
T-001315,M-1015,2025-09-08,30499,0,,,cash
T-001745,M-1021,2025-09-08,32745,0,,,cash
T-002251,M-1028,2025-09-08,26240,1,30,24,on_time
T-002476,M-1031,2025-09-08,17575,1,30,23,on_time
T-003580,M-1049,2025-09-08,17990,1,21,19,on_time
T-003714,M-1051,2025-09-08,8094,1,21,32,late
T-003995,M-1056,2025-09-08,7421,1,21,45,late
T-000106,M-1002,2025-09-09,22796,1,30,21,on_time
T-000592,M-1007,2025-09-09,36257,1,30,23,on_time
T-001669,M-1020,2025-09-09,8995,1,30,27,on_time
T-001742,M-1021,2025-09-09,11099,1,30,17,on_time
T-002757,M-1036,2025-09-09,12686,1,30,36,late
T-002865,M-1038,2025-09-09,20211,1,30,18,on_time
T-002967,M-1040,2025-09-09,10501,1,30,21,on_time
T-003644,M-1050,2025-09-09,9036,1,21,13,on_time
T-003772,M-1052,2025-09-09,9359,1,21,11,on_time
T-003822,M-1053,2025-09-09,6883,0,,,cash
T-000205,M-1003,2025-09-10,96815,1,30,30,on_time
T-000389,M-1005,2025-09-10,13531,0,,,cash
T-001061,M-1012,2025-09-10,27940,1,30,17,on_time
T-001310,M-1015,2025-09-10,14105,1,30,19,on_time
T-001524,M-1018,2025-09-10,10262,1,30,15,on_time
T-002255,M-1028,2025-09-10,11367,1,30,30,on_time
T-003203,M-1044,2025-09-10,14302,1,21,38,late
T-003210,M-1044,2025-09-10,12956,0,,,cash
T-003363,M-1046,2025-09-10,12375,1,21,16,on_time
T-003439,M-1047,2025-09-10,14900,1,21,7,on_time
T-003506,M-1048,2025-09-10,21421,0,,,cash
T-003643,M-1050,2025-09-10,10803,1,21,,default
T-003771,M-1052,2025-09-10,11134,1,21,24,late
T-003938,M-1055,2025-09-10,6294,1,21,9,on_time
T-000100,M-1002,2025-09-11,41860,1,30,30,on_time
T-000391,M-1005,2025-09-11,18448,1,30,17,on_time
T-000495,M-1006,2025-09-11,18380,0,,,cash
T-000771,M-1009,2025-09-11,28929,0,,,cash
T-000868,M-1010,2025-09-11,38147,0,,,cash
T-001166,M-1013,2025-09-11,12707,1,30,51,late
T-001455,M-1017,2025-09-11,24370,1,30,22,on_time
T-001674,M-1020,2025-09-11,14223,0,,,cash
T-002178,M-1027,2025-09-11,27801,1,30,24,on_time
T-003434,M-1047,2025-09-11,5640,1,21,45,late
T-003509,M-1048,2025-09-11,12417,1,21,16,on_time
T-003642,M-1050,2025-09-11,9491,1,21,8,on_time
T-003718,M-1051,2025-09-11,6433,1,21,,default
T-003880,M-1054,2025-09-11,16305,1,21,26,late
T-000006,M-1001,2025-09-12,22368,1,30,22,on_time
T-000388,M-1005,2025-09-12,15149,1,30,27,on_time
T-000961,M-1011,2025-09-12,14487,0,,,cash
T-002098,M-1026,2025-09-12,15052,1,30,24,on_time
T-002176,M-1027,2025-09-12,17517,1,30,18,on_time
T-002320,M-1029,2025-09-12,10002,0,,,cash
T-002323,M-1029,2025-09-12,10273,0,,,cash
T-002754,M-1036,2025-09-12,13575,1,30,44,late
T-002915,M-1039,2025-09-12,8215,0,,,cash
T-003026,M-1041,2025-09-12,22480,1,30,28,on_time
T-003715,M-1051,2025-09-12,6920,1,21,31,late
T-003719,M-1051,2025-09-12,8167,0,,,cash
T-000672,M-1008,2025-09-13,32166,1,30,33,late
T-000675,M-1008,2025-09-13,47216,0,,,cash
T-001165,M-1013,2025-09-13,14518,0,,,cash
T-001809,M-1022,2025-09-13,11930,0,,,cash
T-002647,M-1034,2025-09-13,17149,1,30,25,on_time
T-002648,M-1034,2025-09-13,17713,0,,,cash
T-003137,M-1043,2025-09-13,10997,0,,,cash
T-003204,M-1044,2025-09-13,2788,1,21,15,on_time
T-003577,M-1049,2025-09-13,11174,1,21,17,on_time
T-003716,M-1051,2025-09-13,9804,1,21,13,on_time
T-000009,M-1001,2025-09-14,19475,1,30,25,on_time
T-000492,M-1006,2025-09-14,21497,0,,,cash
T-000496,M-1006,2025-09-14,25286,0,,,cash
T-000865,M-1010,2025-09-14,28440,1,30,15,on_time
T-001060,M-1012,2025-09-14,49452,1,30,22,on_time
T-001312,M-1015,2025-09-14,27639,1,30,17,on_time
T-001746,M-1021,2025-09-14,27005,0,,,cash
T-001811,M-1022,2025-09-14,10909,0,,,cash
T-002038,M-1025,2025-09-14,35567,0,,,cash
T-002099,M-1026,2025-09-14,18977,1,30,26,on_time
T-002321,M-1029,2025-09-14,16130,1,30,25,on_time
T-003512,M-1048,2025-09-14,18473,1,21,27,late
T-003646,M-1050,2025-09-14,8055,0,,,cash
T-003770,M-1052,2025-09-14,7490,1,21,14,on_time
T-000678,M-1008,2025-09-15,33323,1,30,15,on_time
T-000869,M-1010,2025-09-15,14762,1,30,22,on_time
T-001878,M-1023,2025-09-15,20992,1,30,30,on_time
T-001882,M-1023,2025-09-15,13237,0,,,cash
T-002701,M-1035,2025-09-15,5352,0,,,cash
T-003135,M-1043,2025-09-15,8837,1,21,24,late
T-003284,M-1045,2025-09-15,10819,1,21,14,on_time
T-000004,M-1001,2025-09-16,7438,1,30,23,on_time
T-002177,M-1027,2025-09-16,17929,0,,,cash
T-002253,M-1028,2025-09-16,29166,1,30,15,on_time
T-002597,M-1033,2025-09-16,7690,1,30,22,on_time
T-002698,M-1035,2025-09-16,15166,1,30,15,on_time
T-003436,M-1047,2025-09-16,20268,1,21,15,on_time
T-003823,M-1053,2025-09-16,6680,0,,,cash
T-003939,M-1055,2025-09-16,10666,1,21,19,on_time
T-003998,M-1056,2025-09-16,6723,0,,,cash
T-000098,M-1002,2025-09-17,19206,1,30,30,on_time
T-000104,M-1002,2025-09-17,12943,0,,,cash
T-000300,M-1004,2025-09-17,25103,1,30,16,on_time
T-001168,M-1013,2025-09-17,10078,1,30,17,on_time
T-001237,M-1014,2025-09-17,10499,0,,,cash
T-001314,M-1015,2025-09-17,23545,1,30,16,on_time
T-002101,M-1026,2025-09-17,12894,0,,,cash
T-002175,M-1027,2025-09-17,23219,1,30,39,late
T-002596,M-1033,2025-09-17,13657,1,30,21,on_time
T-002810,M-1037,2025-09-17,9363,1,30,29,on_time
T-003027,M-1041,2025-09-17,16012,1,30,18,on_time
T-003207,M-1044,2025-09-17,5634,1,21,10,on_time
T-000206,M-1003,2025-09-18,70894,1,30,20,on_time
T-000392,M-1005,2025-09-18,26401,0,,,cash
T-000593,M-1007,2025-09-18,61447,0,,,cash
T-001313,M-1015,2025-09-18,18403,0,,,cash
T-001383,M-1016,2025-09-18,31278,1,30,44,late
T-001814,M-1022,2025-09-18,16945,1,30,27,on_time
T-002807,M-1037,2025-09-18,9278,1,30,52,late
T-002966,M-1040,2025-09-18,26877,1,30,28,on_time
T-003576,M-1049,2025-09-18,22718,1,21,46,late
T-003940,M-1055,2025-09-18,14958,0,,,cash
T-000299,M-1004,2025-09-19,48912,1,30,17,on_time
T-000589,M-1007,2025-09-19,31841,1,30,28,on_time
T-000674,M-1008,2025-09-19,9895,1,30,30,on_time
T-000680,M-1008,2025-09-19,29811,1,30,28,on_time
T-000772,M-1009,2025-09-19,49547,1,30,19,on_time
T-000963,M-1011,2025-09-19,33466,0,,,cash
T-001456,M-1017,2025-09-19,27625,1,30,15,on_time
T-001672,M-1020,2025-09-19,12090,0,,,cash
T-002537,M-1032,2025-09-19,7316,1,30,30,on_time
T-002646,M-1034,2025-09-19,18694,1,30,28,on_time
T-000003,M-1001,2025-09-20,22005,1,30,25,on_time
T-000099,M-1002,2025-09-20,21037,1,30,25,on_time
T-000387,M-1005,2025-09-20,28383,1,30,16,on_time
T-000679,M-1008,2025-09-20,27323,1,30,17,on_time
T-000778,M-1009,2025-09-20,62074,0,,,cash
T-000960,M-1011,2025-09-20,32573,0,,,cash
T-000967,M-1011,2025-09-20,42239,0,,,cash
T-002252,M-1028,2025-09-20,26950,0,,,cash
T-002534,M-1032,2025-09-20,7760,1,30,16,on_time
T-002755,M-1036,2025-09-20,11389,0,,,cash
T-003028,M-1041,2025-09-20,35233,0,,,cash
T-003279,M-1045,2025-09-20,4540,1,21,10,on_time
T-003362,M-1046,2025-09-20,7044,1,21,20,on_time
T-003433,M-1047,2025-09-20,13153,0,,,cash
T-003883,M-1054,2025-09-20,13322,1,21,33,late
T-000002,M-1001,2025-09-21,14947,0,,,cash
T-001670,M-1020,2025-09-21,21095,1,30,20,on_time
T-001879,M-1023,2025-09-21,26267,1,30,21,on_time
T-001880,M-1023,2025-09-21,31332,1,30,26,on_time
T-002535,M-1032,2025-09-21,6922,0,,,cash
T-002594,M-1033,2025-09-21,14198,1,30,27,on_time
T-002917,M-1039,2025-09-21,15532,0,,,cash
T-003138,M-1043,2025-09-21,16412,1,21,15,on_time
T-003361,M-1046,2025-09-21,9450,1,21,,default
T-003937,M-1055,2025-09-21,6180,1,21,,default
T-000207,M-1003,2025-09-22,51039,1,30,23,on_time
T-000390,M-1005,2025-09-22,13472,1,30,30,on_time
T-000394,M-1005,2025-09-22,25844,1,30,27,on_time
T-000491,M-1006,2025-09-22,15333,1,30,28,on_time
T-000673,M-1008,2025-09-22,18873,1,30,15,on_time
T-001063,M-1012,2025-09-22,28422,1,30,17,on_time
T-002399,M-1030,2025-09-22,19319,1,30,20,on_time
T-002808,M-1037,2025-09-22,15702,1,30,29,on_time
T-003077,M-1042,2025-09-22,18003,0,,,cash
T-000101,M-1002,2025-09-23,13767,1,30,30,on_time
T-000105,M-1002,2025-09-23,13850,1,30,19,on_time
T-000295,M-1004,2025-09-23,55175,1,30,27,on_time
T-001591,M-1019,2025-09-23,14080,0,,,cash
T-001813,M-1022,2025-09-23,4397,1,30,30,on_time
T-001959,M-1024,2025-09-23,37756,1,30,17,on_time
T-002037,M-1025,2025-09-23,21915,0,,,cash
T-002593,M-1033,2025-09-23,9600,0,,,cash
T-002759,M-1036,2025-09-23,6737,0,,,cash
T-003507,M-1048,2025-09-23,13903,0,,,cash
T-003510,M-1048,2025-09-23,9374,0,,,cash
T-003511,M-1048,2025-09-23,21400,1,21,12,on_time
T-003717,M-1051,2025-09-23,16261,1,21,13,on_time
T-003824,M-1053,2025-09-23,5312,1,21,36,late
T-003997,M-1056,2025-09-23,7969,1,21,27,late
T-000001,M-1001,2025-09-24,18552,0,,,cash
T-000965,M-1011,2025-09-24,45842,1,30,28,on_time
T-000966,M-1011,2025-09-24,67309,1,30,15,on_time
T-001056,M-1012,2025-09-24,47594,0,,,cash
T-001454,M-1017,2025-09-24,10153,0,,,cash
T-001592,M-1019,2025-09-24,28536,0,,,cash
T-001812,M-1022,2025-09-24,10783,1,30,16,on_time
T-001956,M-1024,2025-09-24,36151,1,30,28,on_time
T-002645,M-1034,2025-09-24,9688,1,30,25,on_time
T-002758,M-1036,2025-09-24,17223,1,30,29,on_time
T-002965,M-1040,2025-09-24,16051,1,30,18,on_time
T-003508,M-1048,2025-09-24,1192,1,21,7,on_time
T-000103,M-1002,2025-09-25,20244,0,,,cash
T-000489,M-1006,2025-09-25,6094,0,,,cash
T-000594,M-1007,2025-09-25,39480,0,,,cash
T-000676,M-1008,2025-09-25,29293,1,30,15,on_time
T-001309,M-1015,2025-09-25,4538,1,30,16,on_time
T-001384,M-1016,2025-09-25,36946,1,30,18,on_time
T-001526,M-1018,2025-09-25,12407,1,30,29,on_time
T-001590,M-1019,2025-09-25,24744,0,,,cash
T-002400,M-1030,2025-09-25,15831,1,30,27,on_time
T-003134,M-1043,2025-09-25,19195,1,21,29,late
T-003435,M-1047,2025-09-25,16750,1,21,8,on_time
T-003825,M-1053,2025-09-25,6479,1,21,,default
T-000298,M-1004,2025-09-26,50261,0,,,cash
T-000777,M-1009,2025-09-26,62627,1,30,25,on_time
T-001057,M-1012,2025-09-26,13719,1,30,24,on_time
T-001527,M-1018,2025-09-26,28789,1,30,23,on_time
T-001810,M-1022,2025-09-26,10810,1,30,28,on_time
T-001881,M-1023,2025-09-26,11576,1,30,15,on_time
T-002250,M-1028,2025-09-26,23577,0,,,cash
T-002324,M-1029,2025-09-26,7480,0,,,cash
T-003283,M-1045,2025-09-26,17649,1,21,11,on_time
T-003575,M-1049,2025-09-26,16610,1,21,12,on_time
T-003645,M-1050,2025-09-26,5697,1,21,45,late
T-000494,M-1006,2025-09-27,8478,1,30,28,on_time
T-000590,M-1007,2025-09-27,44732,1,30,25,on_time
T-001058,M-1012,2025-09-27,41944,1,30,18,on_time
T-001164,M-1013,2025-09-27,11010,0,,,cash
T-001385,M-1016,2025-09-27,52437,1,30,21,on_time
T-001744,M-1021,2025-09-27,20038,1,30,25,on_time
T-001958,M-1024,2025-09-27,38374,1,30,27,on_time
T-002249,M-1028,2025-09-27,10254,1,30,23,on_time
T-002474,M-1031,2025-09-27,23483,1,30,28,on_time
T-002866,M-1038,2025-09-27,10414,1,30,29,on_time
T-002867,M-1038,2025-09-27,14831,1,30,24,on_time
T-002914,M-1039,2025-09-27,16343,0,,,cash
T-002969,M-1040,2025-09-27,22728,1,30,46,late
T-003438,M-1047,2025-09-27,12088,1,21,30,late
T-003579,M-1049,2025-09-27,23122,1,21,12,on_time
T-003773,M-1052,2025-09-27,8698,1,21,36,late
T-000864,M-1010,2025-09-28,32542,1,30,23,on_time
T-000962,M-1011,2025-09-28,46232,0,,,cash
T-001059,M-1012,2025-09-28,30717,0,,,cash
T-001589,M-1019,2025-09-28,25469,1,30,22,on_time
T-001877,M-1023,2025-09-28,25410,0,,,cash
T-002036,M-1025,2025-09-28,9102,1,30,16,on_time
T-002538,M-1032,2025-09-28,5565,1,30,21,on_time
T-003996,M-1056,2025-09-28,6466,1,21,30,late
T-000773,M-1009,2025-09-29,59317,0,,,cash
T-000867,M-1010,2025-09-29,25882,1,30,28,on_time
T-001236,M-1014,2025-09-29,6414,1,30,25,on_time
T-001743,M-1021,2025-09-29,33255,1,30,18,on_time
T-001957,M-1024,2025-09-29,40817,1,30,28,on_time
T-002034,M-1025,2025-09-29,20204,1,30,30,on_time
T-002100,M-1026,2025-09-29,22737,1,30,27,on_time
T-002174,M-1027,2025-09-29,20357,1,30,29,on_time
T-002325,M-1029,2025-09-29,16364,1,30,19,on_time
T-002326,M-1029,2025-09-29,18598,1,30,27,on_time
T-002595,M-1033,2025-09-29,8184,1,30,26,on_time
T-003136,M-1043,2025-09-29,20424,1,21,16,on_time
T-003209,M-1044,2025-09-29,14593,1,21,7,on_time
T-003365,M-1046,2025-09-29,6683,0,,,cash
T-000112,M-1002,2025-09-30,33998,1,30,27,on_time
T-000113,M-1002,2025-09-30,28195,0,,,cash
T-000115,M-1002,2025-09-30,40951,0,,,cash
T-000304,M-1004,2025-09-30,41903,0,,,cash
T-000305,M-1004,2025-09-30,55280,0,,,cash
T-000400,M-1005,2025-09-30,17067,0,,,cash
T-000599,M-1007,2025-09-30,50067,1,30,28,on_time
T-000683,M-1008,2025-09-30,24458,0,,,cash
T-000785,M-1009,2025-09-30,31093,1,30,17,on_time
T-001461,M-1017,2025-09-30,38811,1,30,42,late
T-001596,M-1019,2025-09-30,16291,0,,,cash
T-001961,M-1024,2025-09-30,14860,0,,,cash
T-003082,M-1042,2025-09-30,15879,1,30,20,on_time
T-003442,M-1047,2025-09-30,18544,1,21,9,on_time
T-001316,M-1015,2025-10-01,22889,1,30,30,on_time
T-001320,M-1015,2025-10-01,28515,1,30,52,late
T-001389,M-1016,2025-10-01,15111,1,30,27,on_time
T-001530,M-1018,2025-10-01,19535,1,30,21,on_time
T-002761,M-1036,2025-10-01,58522,1,30,22,on_time
T-002869,M-1038,2025-10-01,10987,0,,,cash
T-003212,M-1044,2025-10-01,12660,1,21,11,on_time
T-000687,M-1008,2025-10-02,44706,1,30,27,on_time
T-000971,M-1011,2025-10-02,10520,1,30,22,on_time
T-001536,M-1018,2025-10-02,11976,1,30,15,on_time
T-001749,M-1021,2025-10-02,38335,1,30,26,on_time
T-002330,M-1029,2025-10-02,28129,1,30,28,on_time
T-002540,M-1032,2025-10-02,4471,1,30,16,on_time
T-002651,M-1034,2025-10-02,18483,1,30,23,on_time
T-003081,M-1042,2025-10-02,13864,1,30,29,on_time
T-000399,M-1005,2025-10-03,16123,1,30,16,on_time
T-001819,M-1022,2025-10-03,14609,1,30,17,on_time
T-002042,M-1025,2025-10-03,5330,1,30,27,on_time
T-002261,M-1028,2025-10-03,16497,1,30,28,on_time
T-002262,M-1028,2025-10-03,24106,1,30,24,on_time
T-002407,M-1030,2025-10-03,12223,0,,,cash
T-002541,M-1032,2025-10-03,20593,1,30,17,on_time
T-002704,M-1035,2025-10-03,8090,1,30,19,on_time
T-003586,M-1049,2025-10-03,18170,0,,,cash
T-000215,M-1003,2025-10-04,37813,1,30,23,on_time
T-001593,M-1019,2025-10-04,9221,1,30,27,on_time
T-001963,M-1024,2025-10-04,14480,0,,,cash
T-002480,M-1031,2025-10-04,8590,1,30,23,on_time
T-003030,M-1041,2025-10-04,19130,1,30,16,on_time
T-003367,M-1046,2025-10-04,4432,1,21,15,on_time
T-000014,M-1001,2025-10-05,20562,1,30,24,on_time
T-000108,M-1002,2025-10-05,26847,1,30,28,on_time
T-000114,M-1002,2025-10-05,16978,0,,,cash
T-000684,M-1008,2025-10-05,48084,1,30,19,on_time
T-001171,M-1013,2025-10-05,12865,1,30,22,on_time
T-001967,M-1024,2025-10-05,20630,1,30,26,on_time
T-002108,M-1026,2025-10-05,19744,0,,,cash
T-003080,M-1042,2025-10-05,17104,1,30,48,late
T-003287,M-1045,2025-10-05,8522,0,,,cash
T-003368,M-1046,2025-10-05,11422,1,21,17,on_time
T-003721,M-1051,2025-10-05,11194,1,21,13,on_time
T-000219,M-1003,2025-10-06,35235,1,30,26,on_time
T-000395,M-1005,2025-10-06,23684,1,30,28,on_time
T-000686,M-1008,2025-10-06,50082,0,,,cash
T-000874,M-1010,2025-10-06,22532,1,30,23,on_time
T-000974,M-1011,2025-10-06,59276,1,30,29,on_time
T-001067,M-1012,2025-10-06,27892,0,,,cash
T-001071,M-1012,2025-10-06,30608,1,30,17,on_time
T-001169,M-1013,2025-10-06,8882,1,30,34,late
T-001676,M-1020,2025-10-06,11647,1,30,52,late
T-001960,M-1024,2025-10-06,23135,1,30,19,on_time
T-002256,M-1028,2025-10-06,13523,1,30,17,on_time
T-002922,M-1039,2025-10-06,20675,0,,,cash
T-000010,M-1001,2025-10-07,36076,1,30,23,on_time
T-000216,M-1003,2025-10-07,31494,1,30,26,on_time
T-000218,M-1003,2025-10-07,32620,0,,,cash
T-000786,M-1009,2025-10-07,32910,1,30,26,on_time
T-001884,M-1023,2025-10-07,14524,1,30,24,on_time
T-002183,M-1027,2025-10-07,37322,0,,,cash
T-002542,M-1032,2025-10-07,13977,1,30,36,late
T-002702,M-1035,2025-10-07,11755,1,30,22,on_time
T-003513,M-1048,2025-10-07,22569,1,21,18,on_time
T-003826,M-1053,2025-10-07,5528,1,21,34,late
T-000011,M-1001,2025-10-08,36730,0,,,cash
T-000111,M-1002,2025-10-08,21802,0,,,cash
T-000873,M-1010,2025-10-08,20259,1,30,28,on_time
T-001246,M-1014,2025-10-08,14248,1,30,18,on_time
T-001962,M-1024,2025-10-08,13832,1,30,26,on_time
T-001966,M-1024,2025-10-08,9201,1,30,28,on_time
T-003941,M-1055,2025-10-08,14749,1,21,43,late
T-000401,M-1005,2025-10-09,25735,1,30,23,on_time
T-000497,M-1006,2025-10-09,40471,0,,,cash
T-000499,M-1006,2025-10-09,31998,1,30,17,on_time
T-001172,M-1013,2025-10-09,13765,1,30,15,on_time
T-001748,M-1021,2025-10-09,34440,1,30,25,on_time
T-002181,M-1027,2025-10-09,36785,1,30,26,on_time
T-002600,M-1033,2025-10-09,6591,0,,,cash
T-002924,M-1039,2025-10-09,10450,1,30,21,on_time
T-003144,M-1043,2025-10-09,17325,0,,,cash
T-003518,M-1048,2025-10-09,26198,0,,,cash
T-003884,M-1054,2025-10-09,21121,1,21,39,late
T-000016,M-1001,2025-10-10,23044,1,30,15,on_time
T-000211,M-1003,2025-10-10,43625,1,30,28,on_time
T-000685,M-1008,2025-10-10,56456,0,,,cash
T-000969,M-1011,2025-10-10,40480,1,30,25,on_time
T-002328,M-1029,2025-10-10,18938,1,30,20,on_time
T-002705,M-1035,2025-10-10,13317,1,30,16,on_time
T-002868,M-1038,2025-10-10,24719,1,30,28,on_time
T-002870,M-1038,2025-10-10,22401,1,30,22,on_time
T-003033,M-1041,2025-10-10,15576,0,,,cash
T-003083,M-1042,2025-10-10,16592,1,30,15,on_time
T-003213,M-1044,2025-10-10,25651,0,,,cash
T-003370,M-1046,2025-10-10,8533,1,21,12,on_time
T-003582,M-1049,2025-10-10,16472,0,,,cash
T-004001,M-1056,2025-10-10,5290,0,,,cash
T-000109,M-1002,2025-10-11,29038,1,30,18,on_time
T-000970,M-1011,2025-10-11,41832,1,30,30,on_time
T-000976,M-1011,2025-10-11,61856,0,,,cash
T-001244,M-1014,2025-10-11,7362,1,30,28,on_time
T-001317,M-1015,2025-10-11,19226,1,30,19,on_time
T-001595,M-1019,2025-10-11,21578,1,30,23,on_time
T-002039,M-1025,2025-10-11,28200,1,30,29,on_time
T-002259,M-1028,2025-10-11,16892,0,,,cash
T-002263,M-1028,2025-10-11,8661,1,30,30,on_time
T-002329,M-1029,2025-10-11,23335,1,30,19,on_time
T-002919,M-1039,2025-10-11,16082,0,,,cash
T-003142,M-1043,2025-10-11,5235,1,21,10,on_time
T-003215,M-1044,2025-10-11,29619,1,21,15,on_time
T-003371,M-1046,2025-10-11,10839,0,,,cash
T-003515,M-1048,2025-10-11,14735,1,21,37,late
T-003944,M-1055,2025-10-11,15296,1,21,7,on_time
T-000217,M-1003,2025-10-12,39146,0,,,cash
T-000302,M-1004,2025-10-12,59802,1,30,30,on_time
T-000306,M-1004,2025-10-12,32896,1,30,30,on_time
T-000597,M-1007,2025-10-12,50975,0,,,cash
T-001460,M-1017,2025-10-12,40596,1,30,26,on_time
T-001533,M-1018,2025-10-12,24205,1,30,19,on_time
T-001815,M-1022,2025-10-12,12121,1,30,24,on_time
T-001817,M-1022,2025-10-12,24254,1,30,22,on_time
T-002257,M-1028,2025-10-12,16894,0,,,cash
T-003084,M-1042,2025-10-12,18328,1,30,20,on_time
T-003143,M-1043,2025-10-12,12405,1,21,46,late
T-003583,M-1049,2025-10-12,13020,0,,,cash
T-003723,M-1051,2025-10-12,11935,0,,,cash
T-000015,M-1001,2025-10-13,6273,1,30,17,on_time
T-001534,M-1018,2025-10-13,22925,0,,,cash
T-001750,M-1021,2025-10-13,15334,0,,,cash
T-001887,M-1023,2025-10-13,6801,1,30,18,on_time
T-002103,M-1026,2025-10-13,23795,1,30,23,on_time
T-002105,M-1026,2025-10-13,24683,1,30,30,on_time
T-002107,M-1026,2025-10-13,21597,0,,,cash
T-002403,M-1030,2025-10-13,29268,0,,,cash
T-002601,M-1033,2025-10-13,13701,1,30,17,on_time
T-002921,M-1039,2025-10-13,11320,0,,,cash
T-003516,M-1048,2025-10-13,15462,1,21,16,on_time
T-003776,M-1052,2025-10-13,12000,1,21,30,late
T-003829,M-1053,2025-10-13,6421,1,21,33,late
T-000600,M-1007,2025-10-14,42139,0,,,cash
T-000872,M-1010,2025-10-14,36956,1,30,24,on_time
T-001065,M-1012,2025-10-14,42573,1,30,24,on_time
T-001174,M-1013,2025-10-14,7077,1,30,16,on_time
T-001388,M-1016,2025-10-14,29104,0,,,cash
T-001535,M-1018,2025-10-14,8703,1,30,22,on_time
T-002920,M-1039,2025-10-14,8181,0,,,cash
T-003443,M-1047,2025-10-14,18181,1,21,34,late
T-000107,M-1002,2025-10-15,40005,0,,,cash
T-000500,M-1006,2025-10-15,35298,0,,,cash
T-000682,M-1008,2025-10-15,30271,1,30,18,on_time
T-000973,M-1011,2025-10-15,49959,1,30,28,on_time
T-001463,M-1017,2025-10-15,35823,1,30,21,on_time
T-001964,M-1024,2025-10-15,10322,0,,,cash
T-002041,M-1025,2025-10-15,28329,1,30,17,on_time
T-002102,M-1026,2025-10-15,19066,1,30,15,on_time
T-002327,M-1029,2025-10-15,25485,0,,,cash
T-002603,M-1033,2025-10-15,7460,0,,,cash
T-002973,M-1040,2025-10-15,22636,0,,,cash
T-003141,M-1043,2025-10-15,13159,1,21,9,on_time
T-003291,M-1045,2025-10-15,4274,1,21,18,on_time
T-003293,M-1045,2025-10-15,12358,1,21,30,late
T-003372,M-1046,2025-10-15,5291,1,21,19,on_time
T-003585,M-1049,2025-10-15,25956,1,21,16,on_time
T-000013,M-1001,2025-10-16,35005,1,30,22,on_time
T-000017,M-1001,2025-10-16,21472,1,30,27,on_time
T-000110,M-1002,2025-10-16,22429,1,30,26,on_time
T-000303,M-1004,2025-10-16,54538,1,30,22,on_time
T-000681,M-1008,2025-10-16,31210,1,30,21,on_time
T-000870,M-1010,2025-10-16,19727,1,30,15,on_time
T-001170,M-1013,2025-10-16,2325,0,,,cash
T-001390,M-1016,2025-10-16,23461,0,,,cash
T-002479,M-1031,2025-10-16,9288,1,30,30,on_time
T-003145,M-1043,2025-10-16,8746,0,,,cash
T-003581,M-1049,2025-10-16,25736,0,,,cash
T-003830,M-1053,2025-10-16,4194,1,21,11,on_time
T-000875,M-1010,2025-10-17,24234,1,30,24,on_time
T-000977,M-1011,2025-10-17,27247,1,30,15,on_time
T-001890,M-1023,2025-10-17,23021,0,,,cash
T-002481,M-1031,2025-10-17,13083,1,30,19,on_time
T-002923,M-1039,2025-10-17,5066,0,,,cash
T-003886,M-1054,2025-10-17,17779,1,21,41,late
T-001066,M-1012,2025-10-18,28693,1,30,29,on_time
T-001068,M-1012,2025-10-18,44078,0,,,cash
T-001175,M-1013,2025-10-18,9310,0,,,cash
T-001319,M-1015,2025-10-18,34399,1,30,29,on_time
T-001747,M-1021,2025-10-18,31688,1,30,17,on_time
T-001886,M-1023,2025-10-18,21787,1,30,16,on_time
T-002106,M-1026,2025-10-18,16131,1,30,26,on_time
T-002970,M-1040,2025-10-18,31161,1,30,21,on_time
T-003085,M-1042,2025-10-18,12207,0,,,cash
T-003214,M-1044,2025-10-18,5174,1,21,8,on_time
T-000212,M-1003,2025-10-19,42832,1,30,28,on_time
T-000968,M-1011,2025-10-19,56511,0,,,cash
T-000975,M-1011,2025-10-19,57135,0,,,cash
T-001243,M-1014,2025-10-19,8443,0,,,cash
T-001597,M-1019,2025-10-19,7887,0,,,cash
T-001816,M-1022,2025-10-19,8267,0,,,cash
T-001818,M-1022,2025-10-19,6548,1,30,26,on_time
T-001891,M-1023,2025-10-19,21557,1,30,22,on_time
T-002477,M-1031,2025-10-19,7523,1,30,24,on_time
T-003517,M-1048,2025-10-19,12122,0,,,cash
T-003648,M-1050,2025-10-19,13584,1,21,14,on_time
T-003942,M-1055,2025-10-19,10500,1,21,30,late
T-000498,M-1006,2025-10-20,31056,1,30,20,on_time
T-001245,M-1014,2025-10-20,13471,1,30,23,on_time
T-001462,M-1017,2025-10-20,22755,1,30,15,on_time
T-001532,M-1018,2025-10-20,32117,1,30,29,on_time
T-001885,M-1023,2025-10-20,13877,1,30,24,on_time
T-001888,M-1023,2025-10-20,21610,1,30,40,late
T-002040,M-1025,2025-10-20,28985,1,30,16,on_time
T-002180,M-1027,2025-10-20,48462,1,30,27,on_time
T-002182,M-1027,2025-10-20,25902,0,,,cash
T-002604,M-1033,2025-10-20,8552,1,30,21,on_time
T-002762,M-1036,2025-10-20,16486,0,,,cash
T-002813,M-1037,2025-10-20,33754,1,30,18,on_time
T-003029,M-1041,2025-10-20,22439,0,,,cash
T-003147,M-1043,2025-10-20,12606,1,21,20,on_time
T-000213,M-1003,2025-10-21,55910,1,30,23,on_time
T-000501,M-1006,2025-10-21,32018,1,30,21,on_time
T-000502,M-1006,2025-10-21,35779,1,30,16,on_time
T-000596,M-1007,2025-10-21,28325,1,30,16,on_time
T-000784,M-1009,2025-10-21,40380,1,30,22,on_time
T-001242,M-1014,2025-10-21,9092,1,30,18,on_time
T-001679,M-1020,2025-10-21,26114,1,30,28,on_time
T-002104,M-1026,2025-10-21,9991,1,30,17,on_time
T-002482,M-1031,2025-10-21,13972,0,,,cash
T-002649,M-1034,2025-10-21,16951,0,,,cash
T-002703,M-1035,2025-10-21,8302,1,30,15,on_time
T-002760,M-1036,2025-10-21,14791,1,30,15,on_time
T-002812,M-1037,2025-10-21,27939,1,30,23,on_time
T-002814,M-1037,2025-10-21,16793,1,30,18,on_time
T-003292,M-1045,2025-10-21,8869,1,21,41,late
T-003649,M-1050,2025-10-21,9163,1,21,19,on_time
T-003775,M-1052,2025-10-21,10407,1,21,32,late
T-003828,M-1053,2025-10-21,3078,0,,,cash
T-000214,M-1003,2025-10-22,28014,0,,,cash
T-000396,M-1005,2025-10-22,21561,1,30,15,on_time
T-001176,M-1013,2025-10-22,12422,1,30,38,late
T-001321,M-1015,2025-10-22,17502,1,30,29,on_time
T-001322,M-1015,2025-10-22,22157,1,30,25,on_time
T-001889,M-1023,2025-10-22,11792,1,30,16,on_time
T-003031,M-1041,2025-10-22,8797,0,,,cash
T-003647,M-1050,2025-10-22,15238,1,21,27,late
T-003943,M-1055,2025-10-22,13583,0,,,cash
T-004002,M-1056,2025-10-22,5073,1,21,26,late
T-000780,M-1009,2025-10-23,23504,1,30,21,on_time
T-000783,M-1009,2025-10-23,50721,0,,,cash
T-001072,M-1012,2025-10-23,23278,1,30,18,on_time
T-001247,M-1014,2025-10-23,9402,1,30,18,on_time
T-002599,M-1033,2025-10-23,9307,0,,,cash
T-002650,M-1034,2025-10-23,21042,1,30,24,on_time
T-002706,M-1035,2025-10-23,9247,1,30,30,on_time
T-002972,M-1040,2025-10-23,24785,0,,,cash
T-003441,M-1047,2025-10-23,16884,1,21,10,on_time
T-003444,M-1047,2025-10-23,18083,1,21,9,on_time
T-000397,M-1005,2025-10-24,16534,0,,,cash
T-000402,M-1005,2025-10-24,25377,1,30,17,on_time
T-001677,M-1020,2025-10-24,25971,1,30,30,on_time
T-002602,M-1033,2025-10-24,14458,1,30,16,on_time
T-003211,M-1044,2025-10-24,13074,0,,,cash
T-003289,M-1045,2025-10-24,5830,0,,,cash
T-003650,M-1050,2025-10-24,9496,1,21,6,on_time
T-004000,M-1056,2025-10-24,5211,1,21,,default
T-000220,M-1003,2025-10-25,21240,1,30,25,on_time
T-000779,M-1009,2025-10-25,38289,1,30,30,on_time
T-000781,M-1009,2025-10-25,54083,1,30,23,on_time
T-000782,M-1009,2025-10-25,49410,1,30,29,on_time
T-000877,M-1010,2025-10-25,15727,1,30,26,on_time
T-001064,M-1012,2025-10-25,27000,0,,,cash
T-001387,M-1016,2025-10-25,23653,1,30,39,late
T-002404,M-1030,2025-10-25,24601,1,30,20,on_time
T-002405,M-1030,2025-10-25,4034,0,,,cash
T-003288,M-1045,2025-10-25,14645,1,21,8,on_time
T-003440,M-1047,2025-10-25,17474,0,,,cash
T-003720,M-1051,2025-10-25,16103,1,21,13,on_time
T-003827,M-1053,2025-10-25,4284,1,21,,default
T-000398,M-1005,2025-10-26,11531,1,30,29,on_time
T-000876,M-1010,2025-10-26,21122,1,30,25,on_time
T-000972,M-1011,2025-10-26,40645,1,30,29,on_time
T-001069,M-1012,2025-10-26,13443,1,30,15,on_time
T-001318,M-1015,2025-10-26,22350,0,,,cash
T-001529,M-1018,2025-10-26,18546,0,,,cash
T-002539,M-1032,2025-10-26,14552,1,30,30,on_time
T-002971,M-1040,2025-10-26,25695,1,30,18,on_time
T-003514,M-1048,2025-10-26,22540,1,21,27,late
T-003999,M-1056,2025-10-26,10926,1,21,7,on_time
T-000308,M-1004,2025-10-27,18662,0,,,cash
T-001531,M-1018,2025-10-27,23427,1,30,21,on_time
T-001678,M-1020,2025-10-27,26568,0,,,cash
T-001965,M-1024,2025-10-27,13567,1,30,25,on_time
T-002258,M-1028,2025-10-27,22312,1,30,15,on_time
T-000012,M-1001,2025-10-28,31999,1,30,25,on_time
T-000307,M-1004,2025-10-28,52416,1,30,25,on_time
T-000598,M-1007,2025-10-28,60374,1,30,16,on_time
T-000787,M-1009,2025-10-28,49550,0,,,cash
T-000878,M-1010,2025-10-28,12183,1,30,17,on_time
T-001070,M-1012,2025-10-28,41558,1,30,24,on_time
T-001173,M-1013,2025-10-28,3598,1,30,17,on_time
T-001594,M-1019,2025-10-28,8029,1,30,28,on_time
T-002408,M-1030,2025-10-28,21171,0,,,cash
T-003032,M-1041,2025-10-28,6650,0,,,cash
T-003286,M-1045,2025-10-28,11945,0,,,cash
T-000116,M-1002,2025-10-29,18542,1,30,17,on_time
T-000595,M-1007,2025-10-29,41320,1,30,28,on_time
T-000871,M-1010,2025-10-29,23163,1,30,20,on_time
T-001459,M-1017,2025-10-29,37901,0,,,cash
T-002260,M-1028,2025-10-29,18697,1,30,18,on_time
T-002406,M-1030,2025-10-29,16069,1,30,16,on_time
T-002478,M-1031,2025-10-29,9299,1,30,24,on_time
T-003146,M-1043,2025-10-29,11884,1,21,15,on_time
T-003290,M-1045,2025-10-29,6179,1,21,6,on_time
T-003369,M-1046,2025-10-29,11386,1,21,9,on_time
T-003584,M-1049,2025-10-29,20154,1,21,43,late
T-003722,M-1051,2025-10-29,7645,1,21,11,on_time
T-003777,M-1052,2025-10-29,11135,0,,,cash
T-003885,M-1054,2025-10-29,19904,1,21,,default
T-001250,M-1014,2025-10-30,10635,1,30,41,late
T-001394,M-1016,2025-10-30,12628,1,30,30,on_time
T-002334,M-1029,2025-10-30,18457,1,30,19,on_time
T-002409,M-1030,2025-10-30,13693,1,30,28,on_time
T-002483,M-1031,2025-10-30,7343,1,30,19,on_time
T-003088,M-1042,2025-10-30,24492,1,30,18,on_time
T-003219,M-1044,2025-10-30,28871,1,21,21,on_time
T-003779,M-1052,2025-10-30,8062,0,,,cash
T-000018,M-1001,2025-10-31,16577,1,30,30,on_time
T-000019,M-1001,2025-10-31,22592,1,30,25,on_time
T-000123,M-1002,2025-10-31,14280,0,,,cash
T-001180,M-1013,2025-10-31,10116,1,30,25,on_time
T-002185,M-1027,2025-10-31,29162,1,30,16,on_time
T-002337,M-1029,2025-10-31,9916,1,30,23,on_time
T-002653,M-1034,2025-10-31,16767,1,30,25,on_time
T-000022,M-1001,2025-11-01,18794,1,30,17,on_time
T-001181,M-1013,2025-11-01,9237,1,30,19,on_time
T-001680,M-1020,2025-11-01,11213,1,30,25,on_time
T-002766,M-1036,2025-11-01,20301,1,30,25,on_time
T-003087,M-1042,2025-11-01,10922,1,30,24,on_time
T-003373,M-1046,2025-11-01,9419,1,21,20,on_time
T-003378,M-1046,2025-11-01,13378,1,21,34,late
T-003652,M-1050,2025-11-01,12975,1,21,34,late
T-003781,M-1052,2025-11-01,5528,1,21,31,late
T-003949,M-1055,2025-11-01,8246,1,21,29,late
T-000606,M-1007,2025-11-02,35204,0,,,cash
T-001468,M-1017,2025-11-02,24514,1,30,28,on_time
T-001540,M-1018,2025-11-02,28089,1,30,16,on_time
T-001756,M-1021,2025-11-02,17956,1,30,28,on_time
T-001971,M-1024,2025-11-02,15423,1,30,21,on_time
T-002268,M-1028,2025-11-02,27763,1,30,19,on_time
T-003655,M-1050,2025-11-02,15338,1,21,16,on_time
T-000601,M-1007,2025-11-03,27691,1,30,29,on_time
T-000605,M-1007,2025-11-03,38660,1,30,22,on_time
T-000695,M-1008,2025-11-03,21892,1,30,18,on_time
T-002186,M-1027,2025-11-03,28368,0,,,cash
T-002189,M-1027,2025-11-03,26592,1,30,20,on_time
T-002265,M-1028,2025-11-03,24390,0,,,cash
T-002410,M-1030,2025-11-03,15191,0,,,cash
T-002815,M-1037,2025-11-03,10229,0,,,cash
T-002974,M-1040,2025-11-03,18993,0,,,cash
T-003037,M-1041,2025-11-03,25014,1,30,28,on_time
T-003089,M-1042,2025-11-03,18036,1,30,29,on_time
T-003090,M-1042,2025-11-03,33662,1,30,30,on_time
T-003148,M-1043,2025-11-03,19961,1,21,11,on_time
T-003296,M-1045,2025-11-03,4551,1,21,9,on_time
T-003519,M-1048,2025-11-03,10270,1,21,30,late
T-003724,M-1051,2025-11-03,6781,0,,,cash
T-000315,M-1004,2025-11-04,20673,1,30,18,on_time
T-000410,M-1005,2025-11-04,18762,1,30,24,on_time
T-001251,M-1014,2025-11-04,13847,1,30,17,on_time
T-001603,M-1019,2025-11-04,5555,1,30,19,on_time
T-002333,M-1029,2025-11-04,17963,1,30,23,on_time
T-002545,M-1032,2025-11-04,8349,1,30,29,on_time
T-003035,M-1041,2025-11-04,11719,1,30,24,on_time
T-003294,M-1045,2025-11-04,14788,0,,,cash
T-003298,M-1045,2025-11-04,13560,1,21,20,on_time
T-003523,M-1048,2025-11-04,36891,1,21,28,late
T-003887,M-1054,2025-11-04,8767,1,21,,default
T-004003,M-1056,2025-11-04,3980,1,21,7,on_time
T-000310,M-1004,2025-11-05,25624,1,30,30,on_time
T-000411,M-1005,2025-11-05,18126,0,,,cash
T-000983,M-1011,2025-11-05,100608,1,30,15,on_time
T-001073,M-1012,2025-11-05,46914,1,30,54,late
T-001078,M-1012,2025-11-05,26789,0,,,cash
T-001685,M-1020,2025-11-05,4838,0,,,cash
T-003778,M-1052,2025-11-05,5081,0,,,cash
T-000126,M-1002,2025-11-06,25628,0,,,cash
T-000880,M-1010,2025-11-06,39297,1,30,23,on_time
T-001330,M-1015,2025-11-06,28122,1,30,27,on_time
T-002607,M-1033,2025-11-06,13280,1,30,17,on_time
T-002711,M-1035,2025-11-06,9731,1,30,20,on_time
T-003151,M-1043,2025-11-06,43583,1,21,24,late
T-003445,M-1047,2025-11-06,14385,0,,,cash
T-003522,M-1048,2025-11-06,26502,1,21,15,on_time
T-003831,M-1053,2025-11-06,2140,1,21,26,late
T-000118,M-1002,2025-11-07,48301,1,30,22,on_time
T-001179,M-1013,2025-11-07,4399,1,30,19,on_time
T-001684,M-1020,2025-11-07,14076,1,30,28,on_time
T-001822,M-1022,2025-11-07,14817,0,,,cash
T-002544,M-1032,2025-11-07,21793,1,30,22,on_time
T-002546,M-1032,2025-11-07,9322,1,30,41,late
T-002767,M-1036,2025-11-07,13332,1,30,19,on_time
T-003217,M-1044,2025-11-07,27170,1,21,46,late
T-000021,M-1001,2025-11-08,36429,0,,,cash
T-000121,M-1002,2025-11-08,7268,1,30,28,on_time
T-000122,M-1002,2025-11-08,19009,0,,,cash
T-000225,M-1003,2025-11-08,24757,0,,,cash
T-000309,M-1004,2025-11-08,28465,0,,,cash
T-000797,M-1009,2025-11-08,42610,1,30,30,on_time
T-001396,M-1016,2025-11-08,14441,1,30,28,on_time
T-002184,M-1027,2025-11-08,17849,1,30,24,on_time
T-002543,M-1032,2025-11-08,11352,0,,,cash
T-002818,M-1037,2025-11-08,14834,1,30,29,on_time
T-003833,M-1053,2025-11-08,2211,1,21,,default
T-000117,M-1002,2025-11-09,32263,1,30,22,on_time
T-000405,M-1005,2025-11-09,24556,1,30,29,on_time
T-000409,M-1005,2025-11-09,15720,0,,,cash
T-000607,M-1007,2025-11-09,45669,1,30,30,on_time
T-000795,M-1009,2025-11-09,63318,1,30,28,on_time
T-000981,M-1011,2025-11-09,43465,1,30,24,on_time
T-001253,M-1014,2025-11-09,11817,1,30,29,on_time
T-001538,M-1018,2025-11-09,54158,1,30,27,on_time
T-001758,M-1021,2025-11-09,14801,0,,,cash
T-002048,M-1025,2025-11-09,16945,1,30,23,on_time
T-002264,M-1028,2025-11-09,46955,1,30,19,on_time
T-002652,M-1034,2025-11-09,7390,1,30,28,on_time
T-003834,M-1053,2025-11-09,2467,0,,,cash
T-000506,M-1006,2025-11-10,22475,0,,,cash
T-000602,M-1007,2025-11-10,30074,1,30,29,on_time
T-000691,M-1008,2025-11-10,27609,1,30,25,on_time
T-001324,M-1015,2025-11-10,29653,0,,,cash
T-001681,M-1020,2025-11-10,6829,1,30,22,on_time
T-001754,M-1021,2025-11-10,22796,0,,,cash
T-002332,M-1029,2025-11-10,14248,0,,,cash
T-002336,M-1029,2025-11-10,25259,1,30,19,on_time
T-002765,M-1036,2025-11-10,11887,1,30,17,on_time
T-003091,M-1042,2025-11-10,18709,1,30,19,on_time
T-003295,M-1045,2025-11-10,26191,1,21,17,on_time
T-003590,M-1049,2025-11-10,33008,1,21,34,late
T-003948,M-1055,2025-11-10,8526,0,,,cash
T-000406,M-1005,2025-11-11,20045,1,30,27,on_time
T-000505,M-1006,2025-11-11,27795,0,,,cash
T-001252,M-1014,2025-11-11,10347,1,30,30,on_time
T-001467,M-1017,2025-11-11,35019,1,30,21,on_time
T-001601,M-1019,2025-11-11,5938,1,30,28,on_time
T-001757,M-1021,2025-11-11,23245,1,30,28,on_time
T-001894,M-1023,2025-11-11,14986,1,30,17,on_time
T-002335,M-1029,2025-11-11,12052,1,30,30,on_time
T-002487,M-1031,2025-11-11,11470,1,30,26,on_time
T-003521,M-1048,2025-11-11,18185,1,21,14,on_time
T-003651,M-1050,2025-11-11,13822,1,21,26,late
T-003832,M-1053,2025-11-11,3618,0,,,cash
T-000312,M-1004,2025-11-12,63117,1,30,17,on_time
T-000692,M-1008,2025-11-12,29015,1,30,21,on_time
T-001328,M-1015,2025-11-12,13450,1,30,25,on_time
T-001600,M-1019,2025-11-12,7056,1,30,28,on_time
T-001682,M-1020,2025-11-12,12286,0,,,cash
T-001968,M-1024,2025-11-12,13868,1,30,29,on_time
T-002411,M-1030,2025-11-12,45625,1,30,29,on_time
T-002412,M-1030,2025-11-12,25192,1,30,27,on_time
T-002654,M-1034,2025-11-12,12701,0,,,cash
T-002764,M-1036,2025-11-12,21115,1,30,22,on_time
T-002977,M-1040,2025-11-12,19285,1,30,28,on_time
T-003036,M-1041,2025-11-12,11665,1,30,30,on_time
T-000511,M-1006,2025-11-13,22110,0,,,cash
T-000794,M-1009,2025-11-13,26284,1,30,18,on_time
T-001248,M-1014,2025-11-13,6195,0,,,cash
T-001599,M-1019,2025-11-13,9461,1,30,15,on_time
T-001752,M-1021,2025-11-13,19443,1,30,15,on_time
T-002109,M-1026,2025-11-13,31669,1,30,22,on_time
T-002112,M-1026,2025-11-13,32386,1,30,18,on_time
T-003374,M-1046,2025-11-13,5942,1,21,18,on_time
T-003377,M-1046,2025-11-13,8194,0,,,cash
T-003449,M-1047,2025-11-13,20891,0,,,cash
T-003780,M-1052,2025-11-13,3398,1,21,,default
T-003945,M-1055,2025-11-13,8834,1,21,37,late
T-000221,M-1003,2025-11-14,22395,1,30,19,on_time
T-000689,M-1008,2025-11-14,27938,1,30,29,on_time
T-000789,M-1009,2025-11-14,21119,1,30,16,on_time
T-000984,M-1011,2025-11-14,54620,1,30,25,on_time
T-001074,M-1012,2025-11-14,33178,0,,,cash
T-001465,M-1017,2025-11-14,17061,1,30,22,on_time
T-001973,M-1024,2025-11-14,8746,1,30,23,on_time
T-002044,M-1025,2025-11-14,4905,0,,,cash
T-002331,M-1029,2025-11-14,7626,1,30,29,on_time
T-002872,M-1038,2025-11-14,32894,1,30,19,on_time
T-003888,M-1054,2025-11-14,14614,1,21,16,on_time
T-000604,M-1007,2025-11-15,8835,1,30,29,on_time
T-000788,M-1009,2025-11-15,32047,1,30,30,on_time
T-001323,M-1015,2025-11-15,17593,0,,,cash
T-002045,M-1025,2025-11-15,16488,1,30,18,on_time
T-002709,M-1035,2025-11-15,10646,1,30,25,on_time
T-002710,M-1035,2025-11-15,6827,1,30,23,on_time
T-003889,M-1054,2025-11-15,7310,1,21,24,late
T-000313,M-1004,2025-11-16,58539,1,30,27,on_time
T-000884,M-1010,2025-11-16,44200,0,,,cash
T-000979,M-1011,2025-11-16,65892,0,,,cash
T-000982,M-1011,2025-11-16,63938,0,,,cash
T-001327,M-1015,2025-11-16,24237,1,30,36,late
T-001329,M-1015,2025-11-16,15740,0,,,cash
T-001605,M-1019,2025-11-16,7157,0,,,cash
T-001753,M-1021,2025-11-16,20513,1,30,24,on_time
T-001755,M-1021,2025-11-16,17058,1,30,27,on_time
T-002111,M-1026,2025-11-16,9952,1,30,26,on_time
T-002655,M-1034,2025-11-16,14633,1,30,15,on_time
T-002708,M-1035,2025-11-16,12903,1,30,16,on_time
T-002976,M-1040,2025-11-16,36162,1,30,23,on_time
T-003034,M-1041,2025-11-16,22138,1,30,29,on_time
T-003297,M-1045,2025-11-16,25693,1,21,16,on_time
T-003446,M-1047,2025-11-16,13180,0,,,cash
T-003587,M-1049,2025-11-16,46339,0,,,cash
T-003654,M-1050,2025-11-16,9859,1,21,21,on_time
T-003725,M-1051,2025-11-16,8439,1,21,25,late
T-003782,M-1052,2025-11-16,7852,0,,,cash
T-000020,M-1001,2025-11-17,41163,1,30,18,on_time
T-000119,M-1002,2025-11-17,22897,0,,,cash
T-000311,M-1004,2025-11-17,39356,1,30,25,on_time
T-000403,M-1005,2025-11-17,26250,1,30,25,on_time
T-000504,M-1006,2025-11-17,21169,1,30,17,on_time
T-000790,M-1009,2025-11-17,57068,1,30,18,on_time
T-000978,M-1011,2025-11-17,76997,1,30,35,late
T-001325,M-1015,2025-11-17,14154,1,30,19,on_time
T-002049,M-1025,2025-11-17,7514,0,,,cash
T-002113,M-1026,2025-11-17,19152,1,30,19,on_time
T-002484,M-1031,2025-11-17,10011,1,30,30,on_time
T-002707,M-1035,2025-11-17,6874,1,30,23,on_time
T-002763,M-1036,2025-11-17,20443,0,,,cash
T-002816,M-1037,2025-11-17,18155,1,30,23,on_time
T-002926,M-1039,2025-11-17,24541,1,30,24,on_time
T-003448,M-1047,2025-11-17,8565,1,21,18,on_time
T-003520,M-1048,2025-11-17,24017,1,21,12,on_time
T-003835,M-1053,2025-11-17,6087,1,21,17,on_time
T-000125,M-1002,2025-11-18,45277,1,30,16,on_time
T-000408,M-1005,2025-11-18,2527,1,30,29,on_time
T-001075,M-1012,2025-11-18,55648,0,,,cash
T-001393,M-1016,2025-11-18,20320,0,,,cash
T-001537,M-1018,2025-11-18,22678,1,30,27,on_time
T-001751,M-1021,2025-11-18,22165,1,30,29,on_time
T-001974,M-1024,2025-11-18,15924,1,30,26,on_time
T-002190,M-1027,2025-11-18,29785,0,,,cash
T-002267,M-1028,2025-11-18,53821,0,,,cash
T-002606,M-1033,2025-11-18,15821,1,30,19,on_time
T-002874,M-1038,2025-11-18,18678,0,,,cash
T-002975,M-1040,2025-11-18,28212,1,30,22,on_time
T-003150,M-1043,2025-11-18,29580,0,,,cash
T-003216,M-1044,2025-11-18,34483,1,21,11,on_time
T-003946,M-1055,2025-11-18,5626,1,21,44,late
T-000120,M-1002,2025-11-19,34117,0,,,cash
T-000222,M-1003,2025-11-19,53195,0,,,cash
T-000404,M-1005,2025-11-19,18575,0,,,cash
T-000688,M-1008,2025-11-19,22257,0,,,cash
T-000690,M-1008,2025-11-19,29546,1,30,23,on_time
T-001178,M-1013,2025-11-19,9302,1,30,19,on_time
T-001184,M-1013,2025-11-19,15589,0,,,cash
T-001896,M-1023,2025-11-19,41918,0,,,cash
T-002656,M-1034,2025-11-19,14829,1,30,28,on_time
T-002817,M-1037,2025-11-19,18951,0,,,cash
T-000226,M-1003,2025-11-20,66680,1,30,20,on_time
T-000407,M-1005,2025-11-20,20612,1,30,26,on_time
T-000509,M-1006,2025-11-20,17047,0,,,cash
T-000791,M-1009,2025-11-20,43261,0,,,cash
T-000793,M-1009,2025-11-20,16920,1,30,22,on_time
T-001539,M-1018,2025-11-20,30849,0,,,cash
T-001823,M-1022,2025-11-20,14898,1,30,27,on_time
T-001895,M-1023,2025-11-20,34533,1,30,21,on_time
T-002605,M-1033,2025-11-20,18111,1,30,24,on_time
T-003086,M-1042,2025-11-20,18210,1,30,24,on_time
T-003726,M-1051,2025-11-20,11163,0,,,cash
T-003727,M-1051,2025-11-20,10860,1,21,,default
T-004004,M-1056,2025-11-20,2616,0,,,cash
T-001541,M-1018,2025-11-21,33448,1,30,19,on_time
T-002485,M-1031,2025-11-21,6471,0,,,cash
T-002925,M-1039,2025-11-21,31670,1,30,21,on_time
T-003218,M-1044,2025-11-21,36089,1,21,6,on_time
T-000503,M-1006,2025-11-22,13506,0,,,cash
T-000507,M-1006,2025-11-22,22629,0,,,cash
T-000694,M-1008,2025-11-22,12820,0,,,cash
T-000696,M-1008,2025-11-22,41204,0,,,cash
T-000879,M-1010,2025-11-22,11794,1,30,30,on_time
T-000980,M-1011,2025-11-22,74308,1,30,19,on_time
T-001182,M-1013,2025-11-22,10869,0,,,cash
T-001249,M-1014,2025-11-22,5944,1,30,30,on_time
T-001464,M-1017,2025-11-22,36402,1,30,30,on_time
T-001604,M-1019,2025-11-22,15207,1,30,30,on_time
T-001686,M-1020,2025-11-22,22531,0,,,cash
T-001821,M-1022,2025-11-22,25369,1,30,15,on_time
T-001892,M-1023,2025-11-22,21582,0,,,cash
T-002043,M-1025,2025-11-22,11688,0,,,cash
T-002046,M-1025,2025-11-22,14248,0,,,cash
T-003588,M-1049,2025-11-22,27009,1,21,12,on_time
T-003589,M-1049,2025-11-22,22829,1,21,17,on_time
T-001395,M-1016,2025-11-23,16499,0,,,cash
T-001397,M-1016,2025-11-23,12889,1,30,19,on_time
T-002110,M-1026,2025-11-23,26912,1,30,16,on_time
T-002187,M-1027,2025-11-23,30939,1,30,28,on_time
T-003376,M-1046,2025-11-23,6511,1,21,10,on_time
T-003447,M-1047,2025-11-23,13213,1,21,6,on_time
T-003653,M-1050,2025-11-23,14194,1,21,18,on_time
T-004005,M-1056,2025-11-23,4892,1,21,40,late
T-000693,M-1008,2025-11-24,24171,1,30,30,on_time
T-000883,M-1010,2025-11-24,19051,1,30,29,on_time
T-001972,M-1024,2025-11-24,15508,1,30,15,on_time
T-001975,M-1024,2025-11-24,15012,1,30,30,on_time
T-002047,M-1025,2025-11-24,9080,1,30,52,late
T-002486,M-1031,2025-11-24,10194,1,30,24,on_time
T-002608,M-1033,2025-11-24,16178,1,30,28,on_time
T-002712,M-1035,2025-11-24,7443,0,,,cash
T-002871,M-1038,2025-11-24,10286,0,,,cash
T-002873,M-1038,2025-11-24,17544,1,30,15,on_time
T-003149,M-1043,2025-11-24,28333,0,,,cash
T-003299,M-1045,2025-11-24,17934,0,,,cash
T-003950,M-1055,2025-11-24,6797,1,21,7,on_time
T-000124,M-1002,2025-11-25,27312,0,,,cash
T-000314,M-1004,2025-11-25,42420,1,30,19,on_time
T-000510,M-1006,2025-11-25,32100,1,30,29,on_time
T-000881,M-1010,2025-11-25,41403,0,,,cash
T-001326,M-1015,2025-11-25,16432,1,30,29,on_time
T-001391,M-1016,2025-11-25,14866,1,30,27,on_time
T-001820,M-1022,2025-11-25,8938,1,30,18,on_time
T-001893,M-1023,2025-11-25,48623,1,30,15,on_time
T-001970,M-1024,2025-11-25,16050,1,30,15,on_time
T-003947,M-1055,2025-11-25,5497,1,21,38,late
T-000508,M-1006,2025-11-26,20493,1,30,18,on_time
T-000882,M-1010,2025-11-26,44500,1,30,26,on_time
T-001076,M-1012,2025-11-26,33386,1,30,21,on_time
T-001079,M-1012,2025-11-26,51351,1,30,18,on_time
T-001392,M-1016,2025-11-26,5866,0,,,cash
T-001466,M-1017,2025-11-26,22499,1,30,35,late
T-001683,M-1020,2025-11-26,12271,0,,,cash
T-001969,M-1024,2025-11-26,6748,0,,,cash
T-002266,M-1028,2025-11-26,24025,1,30,21,on_time
T-004007,M-1056,2025-11-26,6104,1,21,43,late
T-000023,M-1001,2025-11-27,26069,1,30,30,on_time
T-000223,M-1003,2025-11-27,65229,1,30,23,on_time
T-001183,M-1013,2025-11-27,8917,1,30,17,on_time
T-001602,M-1019,2025-11-27,12992,1,30,21,on_time
T-002927,M-1039,2025-11-27,38092,0,,,cash
T-003375,M-1046,2025-11-27,9820,1,21,11,on_time
T-003890,M-1054,2025-11-27,3769,1,21,46,late
T-004006,M-1056,2025-11-27,3167,0,,,cash
T-000224,M-1003,2025-11-28,63336,1,30,23,on_time
T-000603,M-1007,2025-11-28,38826,1,30,27,on_time
T-000792,M-1009,2025-11-28,43516,1,30,30,on_time
T-000796,M-1009,2025-11-28,62693,0,,,cash
T-001077,M-1012,2025-11-28,55441,1,30,22,on_time
T-001177,M-1013,2025-11-28,13356,1,30,21,on_time
T-001598,M-1019,2025-11-28,10947,1,30,15,on_time
T-002188,M-1027,2025-11-28,11089,1,30,22,on_time
T-002488,M-1031,2025-11-28,11284,0,,,cash
T-002609,M-1033,2025-11-28,9291,0,,,cash
T-002819,M-1037,2025-11-28,18826,1,30,18,on_time
T-002978,M-1040,2025-11-28,18642,1,30,26,on_time
T-003836,M-1053,2025-11-28,2429,1,21,45,late
T-001761,M-1021,2025-11-29,17515,1,30,28,on_time
T-001981,M-1024,2025-11-29,8551,1,30,17,on_time
T-002929,M-1039,2025-11-29,18671,1,30,22,on_time
T-003092,M-1042,2025-11-29,38483,1,30,23,on_time
T-003454,M-1047,2025-11-29,9241,1,21,12,on_time
T-003785,M-1052,2025-11-29,3945,1,21,18,on_time
T-001189,M-1013,2025-11-30,9085,1,30,16,on_time
T-001471,M-1017,2025-11-30,47709,1,30,15,on_time
T-002114,M-1026,2025-11-30,16457,1,30,20,on_time
T-002117,M-1026,2025-11-30,7453,1,30,16,on_time
T-002191,M-1027,2025-11-30,25911,1,30,23,on_time
T-002610,M-1033,2025-11-30,19450,0,,,cash
T-003382,M-1046,2025-11-30,13391,1,21,9,on_time
T-003657,M-1050,2025-11-30,9881,1,21,12,on_time
T-001087,M-1012,2025-12-01,27751,0,,,cash
T-001470,M-1017,2025-12-01,24561,0,,,cash
T-001762,M-1021,2025-12-01,26395,1,30,30,on_time
T-001983,M-1024,2025-12-01,12798,1,30,19,on_time
T-003304,M-1045,2025-12-01,14596,1,21,21,on_time
T-003305,M-1045,2025-12-01,9658,1,21,20,on_time
T-003526,M-1048,2025-12-01,22411,1,21,43,late
T-003527,M-1048,2025-12-01,15901,1,21,14,on_time
T-003783,M-1052,2025-12-01,3735,0,,,cash
T-003953,M-1055,2025-12-01,6748,0,,,cash
T-004011,M-1056,2025-12-01,4371,1,21,19,on_time
T-000227,M-1003,2025-12-02,34457,0,,,cash
T-000888,M-1010,2025-12-02,19239,1,30,21,on_time
T-001542,M-1018,2025-12-02,32969,1,30,17,on_time
T-001824,M-1022,2025-12-02,15585,1,30,27,on_time
T-001903,M-1023,2025-12-02,28426,1,30,42,late
T-002489,M-1031,2025-12-02,13868,1,30,27,on_time
T-002822,M-1037,2025-12-02,13456,1,30,23,on_time
T-003955,M-1055,2025-12-02,11957,1,21,,default
T-000129,M-1002,2025-12-03,27974,1,30,29,on_time
T-000233,M-1003,2025-12-03,38242,0,,,cash
T-000316,M-1004,2025-12-03,33105,0,,,cash
T-000704,M-1008,2025-12-03,40488,0,,,cash
T-000800,M-1009,2025-12-03,53646,1,30,23,on_time
T-001688,M-1020,2025-12-03,24742,1,30,16,on_time
T-001826,M-1022,2025-12-03,13160,1,30,24,on_time
T-001902,M-1023,2025-12-03,7920,1,30,24,on_time
T-002054,M-1025,2025-12-03,14913,0,,,cash
T-002341,M-1029,2025-12-03,8609,0,,,cash
T-002980,M-1040,2025-12-03,43945,1,30,19,on_time
T-003952,M-1055,2025-12-03,6538,1,21,15,on_time
T-003954,M-1055,2025-12-03,6293,1,21,39,late
T-000031,M-1001,2025-12-04,18599,0,,,cash
T-000232,M-1003,2025-12-04,6302,1,30,16,on_time
T-001331,M-1015,2025-12-04,37319,1,30,35,late
T-001400,M-1016,2025-12-04,21422,1,30,18,on_time
T-002270,M-1028,2025-12-04,16782,0,,,cash
T-002273,M-1028,2025-12-04,26092,0,,,cash
T-002344,M-1029,2025-12-04,14768,0,,,cash
T-002768,M-1036,2025-12-04,27608,0,,,cash
T-000518,M-1006,2025-12-05,17653,1,30,19,on_time
T-000886,M-1010,2025-12-05,21473,1,30,17,on_time
T-000887,M-1010,2025-12-05,18038,0,,,cash
T-000987,M-1011,2025-12-05,48717,1,30,22,on_time
T-001607,M-1019,2025-12-05,5129,1,30,22,on_time
T-002269,M-1028,2025-12-05,24606,1,30,22,on_time
T-002876,M-1038,2025-12-05,21313,1,30,43,late
T-003380,M-1046,2025-12-05,8020,0,,,cash
T-003452,M-1047,2025-12-05,7926,1,21,29,late
T-003596,M-1049,2025-12-05,17409,1,21,13,on_time
T-003659,M-1050,2025-12-05,3627,1,21,14,on_time
T-003728,M-1051,2025-12-05,5470,1,21,25,late
T-003892,M-1054,2025-12-05,5579,1,21,9,on_time
T-000512,M-1006,2025-12-06,19271,1,30,19,on_time
T-000514,M-1006,2025-12-06,20912,1,30,27,on_time
T-000515,M-1006,2025-12-06,31138,1,30,24,on_time
T-000516,M-1006,2025-12-06,28535,1,30,18,on_time
T-000990,M-1011,2025-12-06,78261,1,30,30,on_time
T-001188,M-1013,2025-12-06,7859,1,30,45,late
T-001403,M-1016,2025-12-06,24031,0,,,cash
T-001900,M-1023,2025-12-06,8529,1,30,16,on_time
T-002490,M-1031,2025-12-06,20517,1,30,16,on_time
T-002879,M-1038,2025-12-06,10327,1,30,30,on_time
T-000416,M-1005,2025-12-07,18809,0,,,cash
T-001259,M-1014,2025-12-07,10208,1,30,20,on_time
T-003383,M-1046,2025-12-07,8347,0,,,cash
T-003660,M-1050,2025-12-07,8171,1,21,11,on_time
T-003732,M-1051,2025-12-07,6000,1,21,13,on_time
T-003787,M-1052,2025-12-07,4891,1,21,25,late
T-000025,M-1001,2025-12-08,24442,1,30,27,on_time
T-000804,M-1009,2025-12-08,28377,0,,,cash
T-001080,M-1012,2025-12-08,25389,1,30,20,on_time
T-001187,M-1013,2025-12-08,9522,1,30,16,on_time
T-001254,M-1014,2025-12-08,1794,1,30,26,on_time
T-001401,M-1016,2025-12-08,18743,0,,,cash
T-001473,M-1017,2025-12-08,41643,1,30,16,on_time
T-001545,M-1018,2025-12-08,48115,0,,,cash
T-002714,M-1035,2025-12-08,12872,1,30,21,on_time
T-002875,M-1038,2025-12-08,5872,1,30,15,on_time
T-003040,M-1041,2025-12-08,23298,0,,,cash
T-003524,M-1048,2025-12-08,10256,0,,,cash
T-003893,M-1054,2025-12-08,9159,1,21,43,late
T-000413,M-1005,2025-12-09,39456,1,30,25,on_time
T-000613,M-1007,2025-12-09,39784,1,30,25,on_time
T-000798,M-1009,2025-12-09,87470,1,30,16,on_time
T-002716,M-1035,2025-12-09,13232,1,30,47,late
T-002821,M-1037,2025-12-09,20909,1,30,20,on_time
T-003656,M-1050,2025-12-09,8946,0,,,cash
T-000028,M-1001,2025-12-10,28179,1,30,17,on_time
T-000130,M-1002,2025-12-10,12155,1,30,30,on_time
T-000412,M-1005,2025-12-10,15745,0,,,cash
T-000988,M-1011,2025-12-10,38366,1,30,25,on_time
T-001258,M-1014,2025-12-10,8498,0,,,cash
T-001335,M-1015,2025-12-10,34633,1,30,40,late
T-001544,M-1018,2025-12-10,18019,1,30,15,on_time
T-001898,M-1023,2025-12-10,16897,1,30,30,on_time
T-002491,M-1031,2025-12-10,6696,1,30,29,on_time
T-002713,M-1035,2025-12-10,22708,1,30,49,late
T-003662,M-1050,2025-12-10,4375,0,,,cash
T-000033,M-1001,2025-12-11,22638,1,30,27,on_time
T-000133,M-1002,2025-12-11,23066,1,30,23,on_time
T-000698,M-1008,2025-12-11,32716,0,,,cash
T-001084,M-1012,2025-12-11,21765,1,30,18,on_time
T-001191,M-1013,2025-12-11,6192,0,,,cash
T-001332,M-1015,2025-12-11,10361,1,30,20,on_time
T-001333,M-1015,2025-12-11,20540,1,30,29,on_time
T-001334,M-1015,2025-12-11,7424,0,,,cash
T-001979,M-1024,2025-12-11,9926,1,30,29,on_time
T-002115,M-1026,2025-12-11,15309,0,,,cash
T-002274,M-1028,2025-12-11,22513,0,,,cash
T-002343,M-1029,2025-12-11,22102,1,30,18,on_time
T-002413,M-1030,2025-12-11,23461,1,30,38,late
T-002551,M-1032,2025-12-11,8392,1,30,30,on_time
T-002979,M-1040,2025-12-11,29516,1,30,17,on_time
T-003220,M-1044,2025-12-11,13205,1,21,31,late
T-003525,M-1048,2025-12-11,22675,1,21,9,on_time
T-003592,M-1049,2025-12-11,9138,0,,,cash
T-003784,M-1052,2025-12-11,6765,1,21,40,late
T-000893,M-1010,2025-12-12,23418,1,30,15,on_time
T-001186,M-1013,2025-12-12,7356,0,,,cash
T-001255,M-1014,2025-12-12,10419,1,30,29,on_time
T-002118,M-1026,2025-12-12,16159,0,,,cash
T-002120,M-1026,2025-12-12,21479,0,,,cash
T-002415,M-1030,2025-12-12,20709,0,,,cash
T-002416,M-1030,2025-12-12,17609,1,30,22,on_time
T-002824,M-1037,2025-12-12,15709,1,30,16,on_time
T-002880,M-1038,2025-12-12,17008,1,30,20,on_time
T-003223,M-1044,2025-12-12,2184,0,,,cash
T-003301,M-1045,2025-12-12,21040,1,21,17,on_time
T-003302,M-1045,2025-12-12,22016,1,21,11,on_time
T-003303,M-1045,2025-12-12,18569,1,21,15,on_time
T-003956,M-1055,2025-12-12,9093,1,21,17,on_time
T-000228,M-1003,2025-12-13,49385,0,,,cash
T-000231,M-1003,2025-12-13,75373,0,,,cash
T-000319,M-1004,2025-12-13,38272,1,30,26,on_time
T-000799,M-1009,2025-12-13,12656,1,30,25,on_time
T-001083,M-1012,2025-12-13,47317,1,30,23,on_time
T-001899,M-1023,2025-12-13,16318,1,30,23,on_time
T-002116,M-1026,2025-12-13,5800,1,30,20,on_time
T-002549,M-1032,2025-12-13,9976,1,30,43,late
T-002611,M-1033,2025-12-13,27158,0,,,cash
T-002820,M-1037,2025-12-13,15513,0,,,cash
T-003226,M-1044,2025-12-13,12210,0,,,cash
T-003591,M-1049,2025-12-13,23343,1,21,40,late
T-003594,M-1049,2025-12-13,11575,1,21,8,on_time
T-003894,M-1054,2025-12-13,2317,1,21,41,late
T-001763,M-1021,2025-12-14,32623,0,,,cash
T-002119,M-1026,2025-12-14,14904,1,30,24,on_time
T-002877,M-1038,2025-12-14,2643,1,30,18,on_time
T-003222,M-1044,2025-12-14,8162,0,,,cash
T-003225,M-1044,2025-12-14,10239,0,,,cash
T-003593,M-1049,2025-12-14,9562,0,,,cash
T-000032,M-1001,2025-12-15,10649,1,30,18,on_time
T-000989,M-1011,2025-12-15,18835,0,,,cash
T-001398,M-1016,2025-12-15,21142,1,30,15,on_time
T-001472,M-1017,2025-12-15,36745,1,30,22,on_time
T-001610,M-1019,2025-12-15,10614,0,,,cash
T-002275,M-1028,2025-12-15,19344,0,,,cash
T-002548,M-1032,2025-12-15,6521,1,30,35,late
T-003595,M-1049,2025-12-15,14430,1,21,16,on_time
T-003661,M-1050,2025-12-15,8165,1,21,,default
T-003840,M-1053,2025-12-15,7646,0,,,cash
T-000131,M-1002,2025-12-16,32697,1,30,19,on_time
T-000519,M-1006,2025-12-16,17275,1,30,24,on_time
T-000609,M-1007,2025-12-16,33992,0,,,cash
T-000611,M-1007,2025-12-16,45668,1,30,23,on_time
T-001089,M-1012,2025-12-16,26720,0,,,cash
T-001185,M-1013,2025-12-16,13149,1,30,16,on_time
T-001612,M-1019,2025-12-16,7132,1,30,24,on_time
T-001687,M-1020,2025-12-16,6748,1,30,21,on_time
T-002194,M-1027,2025-12-16,24575,1,30,29,on_time
T-002345,M-1029,2025-12-16,9624,1,30,15,on_time
T-002770,M-1036,2025-12-16,27536,1,30,25,on_time
T-003154,M-1043,2025-12-16,11791,1,21,14,on_time
T-003224,M-1044,2025-12-16,8693,1,21,12,on_time
T-003528,M-1048,2025-12-16,18724,1,21,14,on_time
T-003951,M-1055,2025-12-16,7981,0,,,cash
T-004010,M-1056,2025-12-16,5937,1,21,,default
T-000024,M-1001,2025-12-17,31109,0,,,cash
T-000317,M-1004,2025-12-17,85679,0,,,cash
T-000985,M-1011,2025-12-17,56658,0,,,cash
T-001088,M-1012,2025-12-17,28479,1,30,15,on_time
T-001978,M-1024,2025-12-17,15615,1,30,27,on_time
T-002272,M-1028,2025-12-17,29050,1,30,42,late
T-003453,M-1047,2025-12-17,6397,1,21,16,on_time
T-000030,M-1001,2025-12-18,19944,1,30,16,on_time
T-000414,M-1005,2025-12-18,23868,1,30,29,on_time
T-000803,M-1009,2025-12-18,75045,1,30,27,on_time
T-001086,M-1012,2025-12-18,13810,1,30,30,on_time
T-001982,M-1024,2025-12-18,10333,1,30,18,on_time
T-002051,M-1025,2025-12-18,31232,1,30,20,on_time
T-002340,M-1029,2025-12-18,23262,1,30,29,on_time
T-002550,M-1032,2025-12-18,14119,1,30,23,on_time
T-002658,M-1034,2025-12-18,27501,0,,,cash
T-002981,M-1040,2025-12-18,28365,1,30,23,on_time
T-003094,M-1042,2025-12-18,7996,1,30,26,on_time
T-003379,M-1046,2025-12-18,8231,1,21,10,on_time
T-003597,M-1049,2025-12-18,12583,1,21,11,on_time
T-003658,M-1050,2025-12-18,4321,0,,,cash
T-003891,M-1054,2025-12-18,5877,1,21,20,on_time
T-000229,M-1003,2025-12-19,68073,1,30,17,on_time
T-000608,M-1007,2025-12-19,56043,1,30,30,on_time
T-000700,M-1008,2025-12-19,13240,0,,,cash
T-000703,M-1008,2025-12-19,21892,1,30,19,on_time
T-000986,M-1011,2025-12-19,24978,1,30,28,on_time
T-001082,M-1012,2025-12-19,41193,0,,,cash
T-001613,M-1019,2025-12-19,9255,0,,,cash
T-001825,M-1022,2025-12-19,11499,0,,,cash
T-002193,M-1027,2025-12-19,33605,1,30,28,on_time
T-002342,M-1029,2025-12-19,11309,1,30,29,on_time
T-003838,M-1053,2025-12-19,3128,0,,,cash
T-003839,M-1053,2025-12-19,3143,0,,,cash
T-000520,M-1006,2025-12-20,9811,1,30,28,on_time
T-000701,M-1008,2025-12-20,24830,1,30,16,on_time
T-001469,M-1017,2025-12-20,20352,1,30,25,on_time
T-001827,M-1022,2025-12-20,10243,1,30,19,on_time
T-002552,M-1032,2025-12-20,14765,1,30,21,on_time
T-002659,M-1034,2025-12-20,36938,0,,,cash
T-002715,M-1035,2025-12-20,9279,1,30,29,on_time
T-003093,M-1042,2025-12-20,20369,1,30,21,on_time
T-003153,M-1043,2025-12-20,15146,1,21,14,on_time
T-000128,M-1002,2025-12-21,23346,1,30,26,on_time
T-001543,M-1018,2025-12-21,26714,1,30,30,on_time
T-001608,M-1019,2025-12-21,12729,1,30,26,on_time
T-002339,M-1029,2025-12-21,10120,1,30,15,on_time
T-002878,M-1038,2025-12-21,11327,1,30,25,on_time
T-004012,M-1056,2025-12-21,5382,0,,,cash
T-000702,M-1008,2025-12-22,26042,1,30,16,on_time
T-000890,M-1010,2025-12-22,24293,1,30,24,on_time
T-000891,M-1010,2025-12-22,17664,1,30,22,on_time
T-001190,M-1013,2025-12-22,8401,1,30,19,on_time
T-002771,M-1036,2025-12-22,21550,1,30,24,on_time
T-002931,M-1039,2025-12-22,18355,0,,,cash
T-003221,M-1044,2025-12-22,17911,1,21,45,late
T-003450,M-1047,2025-12-22,11334,1,21,40,late
T-004009,M-1056,2025-12-22,3995,0,,,cash
T-000127,M-1002,2025-12-23,19598,1,30,26,on_time
T-000132,M-1002,2025-12-23,11513,1,30,21,on_time
T-000320,M-1004,2025-12-23,52822,1,30,30,on_time
T-000610,M-1007,2025-12-23,38537,0,,,cash
T-000802,M-1009,2025-12-23,43478,1,30,20,on_time
T-000885,M-1010,2025-12-23,19242,1,30,20,on_time
T-001085,M-1012,2025-12-23,19686,1,30,17,on_time
T-001689,M-1020,2025-12-23,14733,1,30,28,on_time
T-001690,M-1020,2025-12-23,14557,1,30,20,on_time
T-001976,M-1024,2025-12-23,18189,1,30,20,on_time
T-001980,M-1024,2025-12-23,14661,0,,,cash
T-002195,M-1027,2025-12-23,23366,1,30,18,on_time
T-002769,M-1036,2025-12-23,19448,0,,,cash
T-002823,M-1037,2025-12-23,19817,1,30,21,on_time
T-003152,M-1043,2025-12-23,28739,1,21,45,late
T-003227,M-1044,2025-12-23,10900,1,21,31,late
T-003300,M-1045,2025-12-23,13975,1,21,12,on_time
T-003730,M-1051,2025-12-23,7461,1,21,14,on_time
T-003786,M-1052,2025-12-23,3027,1,21,42,late
T-003837,M-1053,2025-12-23,5770,0,,,cash
T-000230,M-1003,2025-12-24,67629,1,30,25,on_time
T-000705,M-1008,2025-12-24,42924,1,30,28,on_time
T-000892,M-1010,2025-12-24,21280,1,30,27,on_time
T-001256,M-1014,2025-12-24,5809,1,30,52,late
T-001977,M-1024,2025-12-24,14861,1,30,30,on_time
T-002493,M-1031,2025-12-24,12842,1,30,44,late
T-002825,M-1037,2025-12-24,19218,0,,,cash
T-002928,M-1039,2025-12-24,26286,1,30,27,on_time
T-003155,M-1043,2025-12-24,14241,1,21,15,on_time
T-003381,M-1046,2025-12-24,7950,0,,,cash
T-003529,M-1048,2025-12-24,6652,1,21,,default
T-003731,M-1051,2025-12-24,5453,0,,,cash
T-003895,M-1054,2025-12-24,4969,0,,,cash
T-000026,M-1001,2025-12-25,15960,0,,,cash
T-000321,M-1004,2025-12-25,64208,1,30,28,on_time
T-000417,M-1005,2025-12-25,17256,1,30,21,on_time
T-000513,M-1006,2025-12-25,22947,0,,,cash
T-000612,M-1007,2025-12-25,52426,1,30,16,on_time
T-000706,M-1008,2025-12-25,26847,1,30,20,on_time
T-001609,M-1019,2025-12-25,9112,1,30,15,on_time
T-001760,M-1021,2025-12-25,25825,1,30,30,on_time
T-001828,M-1022,2025-12-25,8555,1,30,19,on_time
T-001901,M-1023,2025-12-25,14220,1,30,18,on_time
T-002053,M-1025,2025-12-25,13278,1,30,22,on_time
T-002192,M-1027,2025-12-25,15137,1,30,30,on_time
T-002196,M-1027,2025-12-25,18389,0,,,cash
T-002271,M-1028,2025-12-25,29910,1,30,22,on_time
T-002417,M-1030,2025-12-25,9869,1,30,18,on_time
T-002494,M-1031,2025-12-25,10751,1,30,23,on_time
T-002657,M-1034,2025-12-25,19438,0,,,cash
T-002930,M-1039,2025-12-25,14823,1,30,29,on_time
T-003095,M-1042,2025-12-25,35020,1,30,30,on_time
T-003733,M-1051,2025-12-25,9363,0,,,cash
T-003896,M-1054,2025-12-25,5962,1,21,,default
T-000027,M-1001,2025-12-26,21842,0,,,cash
T-000136,M-1002,2025-12-26,24745,1,30,30,on_time
T-000517,M-1006,2025-12-26,30273,1,30,18,on_time
T-000699,M-1008,2025-12-26,18743,0,,,cash
T-000801,M-1009,2025-12-26,67961,1,30,21,on_time
T-000889,M-1010,2025-12-26,35670,0,,,cash
T-001611,M-1019,2025-12-26,9061,1,30,24,on_time
T-001691,M-1020,2025-12-26,14667,1,30,25,on_time
T-001759,M-1021,2025-12-26,33695,1,30,16,on_time
T-002414,M-1030,2025-12-26,18615,1,30,19,on_time
T-002547,M-1032,2025-12-26,8644,1,30,25,on_time
T-002982,M-1040,2025-12-26,32148,1,30,27,on_time
T-003038,M-1041,2025-12-26,31219,1,30,23,on_time
T-003841,M-1053,2025-12-26,4818,1,21,38,late
T-004008,M-1056,2025-12-26,6094,1,21,39,late
T-000029,M-1001,2025-12-27,21422,1,30,17,on_time
T-001081,M-1012,2025-12-27,33402,1,30,29,on_time
T-001399,M-1016,2025-12-27,21802,1,30,21,on_time
T-002052,M-1025,2025-12-27,27958,1,30,24,on_time
T-002338,M-1029,2025-12-27,13323,1,30,23,on_time
T-003451,M-1047,2025-12-27,14235,1,21,45,late
T-003729,M-1051,2025-12-27,7108,1,21,43,late
T-000134,M-1002,2025-12-28,27952,1,30,17,on_time
T-000135,M-1002,2025-12-28,29743,1,30,19,on_time
T-000318,M-1004,2025-12-28,47968,0,,,cash
T-000415,M-1005,2025-12-28,29293,1,30,17,on_time
T-000697,M-1008,2025-12-28,21337,0,,,cash
T-001257,M-1014,2025-12-28,11713,0,,,cash
T-001402,M-1016,2025-12-28,35859,1,30,17,on_time
T-001606,M-1019,2025-12-28,8029,0,,,cash
T-001897,M-1023,2025-12-28,24618,1,30,35,late
T-002050,M-1025,2025-12-28,21516,0,,,cash
T-002492,M-1031,2025-12-28,12962,1,30,24,on_time
T-002612,M-1033,2025-12-28,13925,1,30,28,on_time
T-003039,M-1041,2025-12-28,25003,1,30,26,on_time
T-003788,M-1052,2025-12-28,3314,1,21,37,late
T-000323,M-1004,2025-12-29,31448,1,30,30,on_time
T-000809,M-1009,2025-12-29,65686,1,30,27,on_time
T-001476,M-1017,2025-12-29,25355,0,,,cash
T-001546,M-1018,2025-12-29,37672,1,30,28,on_time
T-001693,M-1020,2025-12-29,16024,1,30,21,on_time
T-002201,M-1027,2025-12-29,24620,1,30,23,on_time
T-003096,M-1042,2025-12-29,16660,1,30,18,on_time
T-003308,M-1045,2025-12-29,5953,0,,,cash
T-003957,M-1055,2025-12-29,11078,0,,,cash
T-000237,M-1003,2025-12-30,54160,1,30,15,on_time
T-000900,M-1010,2025-12-30,23474,1,30,18,on_time
T-000996,M-1011,2025-12-30,44715,0,,,cash
T-001260,M-1014,2025-12-30,23536,0,,,cash
T-001549,M-1018,2025-12-30,37405,0,,,cash
T-002616,M-1033,2025-12-30,13976,1,30,23,on_time
T-003229,M-1044,2025-12-30,13345,1,21,33,late
T-003384,M-1046,2025-12-30,3730,1,21,45,late
T-000240,M-1003,2025-12-31,39779,1,30,22,on_time
T-001092,M-1012,2025-12-31,36074,1,30,23,on_time
T-001094,M-1012,2025-12-31,25170,1,30,26,on_time
T-002125,M-1026,2025-12-31,18787,1,30,26,on_time
T-002199,M-1027,2025-12-31,16637,1,30,28,on_time
T-002419,M-1030,2025-12-31,31823,0,,,cash
T-002663,M-1034,2025-12-31,18388,1,30,25,on_time
T-003046,M-1041,2025-12-31,10928,0,,,cash
T-003531,M-1048,2025-12-31,10136,0,,,cash
T-004017,M-1056,2025-12-31,4373,0,,,cash
T-000524,M-1006,2026-01-01,20988,0,,,cash
T-000527,M-1006,2026-01-01,14813,1,30,17,on_time
T-000620,M-1007,2026-01-01,16145,1,30,18,on_time
T-000807,M-1009,2026-01-01,21402,1,30,26,on_time
T-001337,M-1015,2026-01-01,21913,1,30,24,on_time
T-001474,M-1017,2026-01-01,35866,1,30,15,on_time
T-002351,M-1029,2026-01-01,12095,1,30,20,on_time
T-003042,M-1041,2026-01-01,19169,1,30,26,on_time
T-003043,M-1041,2026-01-01,13233,1,30,25,on_time
T-003312,M-1045,2026-01-01,11022,1,21,18,on_time
T-003735,M-1051,2026-01-01,8211,1,21,6,on_time
T-000139,M-1002,2026-01-02,26934,1,30,25,on_time
T-000522,M-1006,2026-01-02,5217,1,30,21,on_time
T-000896,M-1010,2026-01-02,9136,0,,,cash
T-001098,M-1012,2026-01-02,34040,1,30,22,on_time
T-001262,M-1014,2026-01-02,9051,1,30,25,on_time
T-001263,M-1014,2026-01-02,17072,0,,,cash
T-001698,M-1020,2026-01-02,13599,1,30,29,on_time
T-001767,M-1021,2026-01-02,20751,1,30,25,on_time
T-002122,M-1026,2026-01-02,20597,1,30,17,on_time
T-002198,M-1027,2026-01-02,18527,0,,,cash
T-003100,M-1042,2026-01-02,8478,1,30,26,on_time
T-003311,M-1045,2026-01-02,7367,0,,,cash
T-003313,M-1045,2026-01-02,1549,0,,,cash
T-003387,M-1046,2026-01-02,2383,0,,,cash
T-003457,M-1047,2026-01-02,10545,1,21,18,on_time
T-003790,M-1052,2026-01-02,6874,0,,,cash
T-000618,M-1007,2026-01-03,22569,0,,,cash
T-000619,M-1007,2026-01-03,23051,1,30,28,on_time
T-000712,M-1008,2026-01-03,50070,1,30,22,on_time
T-001090,M-1012,2026-01-03,37097,1,30,19,on_time
T-001198,M-1013,2026-01-03,10714,1,30,22,on_time
T-001692,M-1020,2026-01-03,4834,1,30,19,on_time
T-001909,M-1023,2026-01-03,19308,0,,,cash
T-001987,M-1024,2026-01-03,7344,1,30,26,on_time
T-002421,M-1030,2026-01-03,7200,1,30,23,on_time
T-002555,M-1032,2026-01-03,13211,1,30,18,on_time
T-002617,M-1033,2026-01-03,13751,1,30,55,late
T-002830,M-1037,2026-01-03,10026,0,,,cash
T-003736,M-1051,2026-01-03,4547,0,,,cash
T-000325,M-1004,2026-01-04,28333,1,30,21,on_time
T-000623,M-1007,2026-01-04,17194,0,,,cash
T-000707,M-1008,2026-01-04,29182,1,30,23,on_time
T-000710,M-1008,2026-01-04,24097,1,30,30,on_time
T-001099,M-1012,2026-01-04,40270,0,,,cash
T-001261,M-1014,2026-01-04,11925,1,30,24,on_time
T-001904,M-1023,2026-01-04,28941,1,30,20,on_time
T-001985,M-1024,2026-01-04,12955,0,,,cash
T-002203,M-1027,2026-01-04,2361,0,,,cash
T-002280,M-1028,2026-01-04,31536,0,,,cash
T-002346,M-1029,2026-01-04,16472,1,30,29,on_time
T-002554,M-1032,2026-01-04,20423,1,30,29,on_time
T-002665,M-1034,2026-01-04,20056,0,,,cash
T-002885,M-1038,2026-01-04,13105,0,,,cash
T-003156,M-1043,2026-01-04,3487,1,21,41,late
T-003458,M-1047,2026-01-04,6020,0,,,cash
T-003844,M-1053,2026-01-04,6535,1,21,33,late
T-000523,M-1006,2026-01-05,14711,1,30,26,on_time
T-000708,M-1008,2026-01-05,34194,1,30,21,on_time
T-000898,M-1010,2026-01-05,23892,1,30,29,on_time
T-000902,M-1010,2026-01-05,10892,0,,,cash
T-001093,M-1012,2026-01-05,41894,1,30,16,on_time
T-001264,M-1014,2026-01-05,14673,0,,,cash
T-001547,M-1018,2026-01-05,18141,1,30,30,on_time
T-002497,M-1031,2026-01-05,4336,0,,,cash
T-003385,M-1046,2026-01-05,7539,1,21,9,on_time
T-004015,M-1056,2026-01-05,2932,1,21,18,on_time
T-000142,M-1002,2026-01-06,31909,1,30,20,on_time
T-000239,M-1003,2026-01-06,39416,0,,,cash
T-000327,M-1004,2026-01-06,21266,1,30,29,on_time
T-000617,M-1007,2026-01-06,17700,1,30,19,on_time
T-000895,M-1010,2026-01-06,3994,1,30,16,on_time
T-001407,M-1016,2026-01-06,29996,1,30,23,on_time
T-001697,M-1020,2026-01-06,15360,1,30,53,late
T-002883,M-1038,2026-01-06,31345,0,,,cash
T-003228,M-1044,2026-01-06,16222,1,21,31,late
T-003664,M-1050,2026-01-06,7778,1,21,27,late
T-000145,M-1002,2026-01-07,25501,1,30,22,on_time
T-000235,M-1003,2026-01-07,53923,0,,,cash
T-000423,M-1005,2026-01-07,33426,1,30,26,on_time
T-000991,M-1011,2026-01-07,17942,0,,,cash
T-001404,M-1016,2026-01-07,8183,0,,,cash
T-001905,M-1023,2026-01-07,28498,1,30,24,on_time
T-001990,M-1024,2026-01-07,5111,1,30,23,on_time
T-002059,M-1025,2026-01-07,14135,1,30,38,late
T-002418,M-1030,2026-01-07,17038,0,,,cash
T-002775,M-1036,2026-01-07,17366,0,,,cash
T-002933,M-1039,2026-01-07,19708,0,,,cash
T-002984,M-1040,2026-01-07,19350,0,,,cash
T-003456,M-1047,2026-01-07,10416,0,,,cash
T-003793,M-1052,2026-01-07,9772,1,21,41,late
T-003845,M-1053,2026-01-07,6347,1,21,32,late
T-000241,M-1003,2026-01-08,27262,1,30,26,on_time
T-001477,M-1017,2026-01-08,23402,0,,,cash
T-001618,M-1019,2026-01-08,14571,1,30,27,on_time
T-001699,M-1020,2026-01-08,9485,1,30,23,on_time
T-001988,M-1024,2026-01-08,19415,0,,,cash
T-002058,M-1025,2026-01-08,8645,0,,,cash
T-002061,M-1025,2026-01-08,17548,1,30,30,on_time
T-002128,M-1026,2026-01-08,25910,1,30,27,on_time
T-003306,M-1045,2026-01-08,14953,1,21,8,on_time
T-003460,M-1047,2026-01-08,10607,1,21,6,on_time
T-000418,M-1005,2026-01-09,25399,1,30,18,on_time
T-000994,M-1011,2026-01-09,59356,0,,,cash
T-000998,M-1011,2026-01-09,76136,0,,,cash
T-001096,M-1012,2026-01-09,25064,1,30,19,on_time
T-001195,M-1013,2026-01-09,13610,0,,,cash
T-001906,M-1023,2026-01-09,26291,1,30,44,late
T-001907,M-1023,2026-01-09,23318,0,,,cash
T-002057,M-1025,2026-01-09,13771,1,30,43,late
T-002827,M-1037,2026-01-09,14306,0,,,cash
T-002987,M-1040,2026-01-09,14038,1,30,26,on_time
T-003160,M-1043,2026-01-09,8214,1,21,15,on_time
T-000234,M-1003,2026-01-10,36667,1,30,15,on_time
T-000329,M-1004,2026-01-10,13686,0,,,cash
T-000521,M-1006,2026-01-10,19827,1,30,23,on_time
T-001196,M-1013,2026-01-10,7253,1,30,23,on_time
T-001199,M-1013,2026-01-10,7720,1,30,25,on_time
T-002062,M-1025,2026-01-10,16049,1,30,25,on_time
T-002720,M-1035,2026-01-10,8729,0,,,cash
T-003161,M-1043,2026-01-10,14831,1,21,10,on_time
T-003309,M-1045,2026-01-10,18620,1,21,,default
T-003310,M-1045,2026-01-10,8651,0,,,cash
T-003386,M-1046,2026-01-10,3120,1,21,19,on_time
T-003598,M-1049,2026-01-10,24872,1,21,7,on_time
T-003734,M-1051,2026-01-10,4902,0,,,cash
T-003897,M-1054,2026-01-10,7432,0,,,cash
T-000140,M-1002,2026-01-11,24807,1,30,29,on_time
T-000421,M-1005,2026-01-11,23394,1,30,22,on_time
T-000810,M-1009,2026-01-11,43290,1,30,30,on_time
T-002202,M-1027,2026-01-11,24061,0,,,cash
T-002776,M-1036,2026-01-11,15006,0,,,cash
T-003534,M-1048,2026-01-11,17379,0,,,cash
T-003601,M-1049,2026-01-11,37423,1,21,18,on_time
T-003900,M-1054,2026-01-11,5896,1,21,19,on_time
T-000528,M-1006,2026-01-12,6267,1,30,25,on_time
T-001339,M-1015,2026-01-12,23392,1,30,21,on_time
T-002056,M-1025,2026-01-12,15158,0,,,cash
T-002349,M-1029,2026-01-12,14305,0,,,cash
T-002350,M-1029,2026-01-12,9201,1,30,25,on_time
T-002828,M-1037,2026-01-12,14798,1,30,40,late
T-003459,M-1047,2026-01-12,10816,1,21,21,on_time
T-003737,M-1051,2026-01-12,3237,1,21,38,late
T-003901,M-1054,2026-01-12,5469,1,21,21,on_time
T-000322,M-1004,2026-01-13,40325,0,,,cash
T-000328,M-1004,2026-01-13,15910,0,,,cash
T-000805,M-1009,2026-01-13,118436,1,30,22,on_time
T-001340,M-1015,2026-01-13,45122,1,30,17,on_time
T-001833,M-1022,2026-01-13,6512,1,30,15,on_time
T-001908,M-1023,2026-01-13,17936,0,,,cash
T-001989,M-1024,2026-01-13,22249,1,30,16,on_time
T-002204,M-1027,2026-01-13,21895,0,,,cash
T-003533,M-1048,2026-01-13,15592,1,21,16,on_time
T-000037,M-1001,2026-01-14,33814,1,30,21,on_time
T-000144,M-1002,2026-01-14,56029,1,30,25,on_time
T-001829,M-1022,2026-01-14,9855,1,30,24,on_time
T-001830,M-1022,2026-01-14,6262,1,30,28,on_time
T-002055,M-1025,2026-01-14,7456,0,,,cash
T-002277,M-1028,2026-01-14,28174,0,,,cash
T-002347,M-1029,2026-01-14,9861,1,30,18,on_time
T-002422,M-1030,2026-01-14,16777,0,,,cash
T-003157,M-1043,2026-01-14,14391,1,21,25,late
T-003789,M-1052,2026-01-14,6865,0,,,cash
T-003792,M-1052,2026-01-14,9977,1,21,30,late
T-000525,M-1006,2026-01-15,6682,1,30,27,on_time
T-000616,M-1007,2026-01-15,22096,1,30,20,on_time
T-001095,M-1012,2026-01-15,43188,0,,,cash
T-001478,M-1017,2026-01-15,24875,1,30,15,on_time
T-001617,M-1019,2026-01-15,14527,1,30,16,on_time
T-001620,M-1019,2026-01-15,11583,1,30,16,on_time
T-001696,M-1020,2026-01-15,6874,1,30,20,on_time
T-001766,M-1021,2026-01-15,37278,1,30,16,on_time
T-001836,M-1022,2026-01-15,6318,1,30,17,on_time
T-002123,M-1026,2026-01-15,21218,1,30,21,on_time
T-002423,M-1030,2026-01-15,9388,1,30,24,on_time
T-002556,M-1032,2026-01-15,11852,0,,,cash
T-002884,M-1038,2026-01-15,16865,0,,,cash
T-002934,M-1039,2026-01-15,17692,0,,,cash
T-002983,M-1040,2026-01-15,16633,0,,,cash
T-003231,M-1044,2026-01-15,19115,1,21,15,on_time
T-003391,M-1046,2026-01-15,10139,1,21,7,on_time
T-003535,M-1048,2026-01-15,12755,0,,,cash
T-003599,M-1049,2026-01-15,21764,1,21,9,on_time
T-004016,M-1056,2026-01-15,1842,1,21,34,late
T-000330,M-1004,2026-01-16,28901,1,30,19,on_time
T-000422,M-1005,2026-01-16,17888,0,,,cash
T-000425,M-1005,2026-01-16,16696,1,30,21,on_time
T-000621,M-1007,2026-01-16,25953,0,,,cash
T-000897,M-1010,2026-01-16,20980,0,,,cash
T-000903,M-1010,2026-01-16,23297,1,30,30,on_time
T-001405,M-1016,2026-01-16,32362,1,30,23,on_time
T-001548,M-1018,2026-01-16,22049,0,,,cash
T-002614,M-1033,2026-01-16,20525,1,30,15,on_time
T-002717,M-1035,2026-01-16,17230,1,30,26,on_time
T-003667,M-1050,2026-01-16,8217,1,21,20,on_time
T-003738,M-1051,2026-01-16,4320,1,21,7,on_time
T-004013,M-1056,2026-01-16,4372,1,21,37,late
T-000034,M-1001,2026-01-17,37656,1,30,26,on_time
T-000326,M-1004,2026-01-17,40934,1,30,21,on_time
T-000529,M-1006,2026-01-17,23363,1,30,27,on_time
T-001338,M-1015,2026-01-17,24702,0,,,cash
T-002200,M-1027,2026-01-17,13019,1,30,26,on_time
T-002496,M-1031,2026-01-17,7235,0,,,cash
T-002660,M-1034,2026-01-17,15808,1,30,20,on_time
T-002935,M-1039,2026-01-17,20189,0,,,cash
T-003665,M-1050,2026-01-17,6084,0,,,cash
T-003739,M-1051,2026-01-17,6777,1,21,9,on_time
T-000427,M-1005,2026-01-18,15263,0,,,cash
T-000806,M-1009,2026-01-18,67297,0,,,cash
T-000999,M-1011,2026-01-18,45286,1,30,27,on_time
T-001091,M-1012,2026-01-18,12267,0,,,cash
T-001194,M-1013,2026-01-18,5216,1,30,26,on_time
T-001614,M-1019,2026-01-18,9165,1,30,19,on_time
T-001616,M-1019,2026-01-18,10583,0,,,cash
T-001835,M-1022,2026-01-18,7463,0,,,cash
T-003041,M-1041,2026-01-18,14402,1,30,20,on_time
T-003099,M-1042,2026-01-18,25548,1,30,28,on_time
T-003159,M-1043,2026-01-18,13750,0,,,cash
T-003791,M-1052,2026-01-18,4084,1,21,33,late
T-004018,M-1056,2026-01-18,3856,0,,,cash
T-000420,M-1005,2026-01-19,14347,1,30,24,on_time
T-000615,M-1007,2026-01-19,18134,1,30,15,on_time
T-000622,M-1007,2026-01-19,27108,1,30,22,on_time
T-001097,M-1012,2026-01-19,28239,0,,,cash
T-001336,M-1015,2026-01-19,34596,1,30,16,on_time
T-002348,M-1029,2026-01-19,6331,0,,,cash
T-002719,M-1035,2026-01-19,5872,1,30,15,on_time
T-002831,M-1037,2026-01-19,13925,1,30,20,on_time
T-003233,M-1044,2026-01-19,5351,1,21,17,on_time
T-003600,M-1049,2026-01-19,19118,1,21,16,on_time
T-000039,M-1001,2026-01-20,59176,1,30,17,on_time
T-000526,M-1006,2026-01-20,19114,1,30,18,on_time
T-001832,M-1022,2026-01-20,6951,1,30,27,on_time
T-002060,M-1025,2026-01-20,10434,0,,,cash
T-002121,M-1026,2026-01-20,6606,0,,,cash
T-002124,M-1026,2026-01-20,14582,0,,,cash
T-002353,M-1029,2026-01-20,7959,0,,,cash
T-002774,M-1036,2026-01-20,29493,0,,,cash
T-002986,M-1040,2026-01-20,12697,0,,,cash
T-003045,M-1041,2026-01-20,20651,1,30,29,on_time
T-003158,M-1043,2026-01-20,12460,0,,,cash
T-003230,M-1044,2026-01-20,12082,1,21,8,on_time
T-003388,M-1046,2026-01-20,2919,1,21,7,on_time
T-003842,M-1053,2026-01-20,4822,0,,,cash
T-003959,M-1055,2026-01-20,12195,1,21,9,on_time
T-000141,M-1002,2026-01-21,36613,0,,,cash
T-000426,M-1005,2026-01-21,11404,1,30,15,on_time
T-000614,M-1007,2026-01-21,8705,0,,,cash
T-000894,M-1010,2026-01-21,16496,1,30,17,on_time
T-000993,M-1011,2026-01-21,38117,1,30,26,on_time
T-001193,M-1013,2026-01-21,16175,0,,,cash
T-001197,M-1013,2026-01-21,11500,0,,,cash
T-001406,M-1016,2026-01-21,23660,1,30,25,on_time
T-001619,M-1019,2026-01-21,5971,1,30,15,on_time
T-001765,M-1021,2026-01-21,30846,1,30,26,on_time
T-001831,M-1022,2026-01-21,6273,0,,,cash
T-001986,M-1024,2026-01-21,15909,1,30,23,on_time
T-002278,M-1028,2026-01-21,35596,1,30,28,on_time
T-002718,M-1035,2026-01-21,15715,1,30,22,on_time
T-003666,M-1050,2026-01-21,8852,1,21,7,on_time
T-001341,M-1015,2026-01-22,16906,0,,,cash
T-001764,M-1021,2026-01-22,46676,1,30,20,on_time
T-001834,M-1022,2026-01-22,9509,1,30,28,on_time
T-002127,M-1026,2026-01-22,16860,1,30,40,late
T-002882,M-1038,2026-01-22,25938,1,30,21,on_time
T-002985,M-1040,2026-01-22,24213,1,30,18,on_time
T-003097,M-1042,2026-01-22,30856,1,30,37,late
T-003843,M-1053,2026-01-22,7825,1,21,16,on_time
T-004014,M-1056,2026-01-22,2983,1,21,34,late
T-000038,M-1001,2026-01-23,39755,0,,,cash
T-000143,M-1002,2026-01-23,23958,1,30,27,on_time
T-000324,M-1004,2026-01-23,51546,1,30,30,on_time
T-000419,M-1005,2026-01-23,11639,0,,,cash
T-000901,M-1010,2026-01-23,8763,1,30,23,on_time
T-000995,M-1011,2026-01-23,25299,1,30,17,on_time
T-001408,M-1016,2026-01-23,22114,1,30,20,on_time
T-001694,M-1020,2026-01-23,5517,1,30,27,on_time
T-001984,M-1024,2026-01-23,5626,1,30,28,on_time
T-002499,M-1031,2026-01-23,18973,1,30,20,on_time
T-002613,M-1033,2026-01-23,12483,0,,,cash
T-002662,M-1034,2026-01-23,17948,1,30,18,on_time
T-002932,M-1039,2026-01-23,26230,0,,,cash
T-003232,M-1044,2026-01-23,10246,1,21,19,on_time
T-003307,M-1045,2026-01-23,9766,1,21,14,on_time
T-000035,M-1001,2026-01-24,34316,1,30,29,on_time
T-000137,M-1002,2026-01-24,33197,1,30,30,on_time
T-000711,M-1008,2026-01-24,45459,1,30,21,on_time
T-002197,M-1027,2026-01-24,9886,1,30,18,on_time
T-002352,M-1029,2026-01-24,11387,1,30,24,on_time
T-002420,M-1030,2026-01-24,11741,1,30,17,on_time
T-002495,M-1031,2026-01-24,13580,1,30,29,on_time
T-002498,M-1031,2026-01-24,10193,0,,,cash
T-002553,M-1032,2026-01-24,7435,1,30,20,on_time
T-002721,M-1035,2026-01-24,12068,1,30,20,on_time
T-002773,M-1036,2026-01-24,13194,1,30,22,on_time
T-002826,M-1037,2026-01-24,10941,1,30,21,on_time
T-002936,M-1039,2026-01-24,23298,0,,,cash
T-003044,M-1041,2026-01-24,9807,1,30,27,on_time
T-003532,M-1048,2026-01-24,18139,0,,,cash
T-000138,M-1002,2026-01-25,43688,1,30,23,on_time
T-000236,M-1003,2026-01-25,53261,0,,,cash
T-000992,M-1011,2026-01-25,40421,1,30,17,on_time
T-000997,M-1011,2026-01-25,61318,0,,,cash
T-001192,M-1013,2026-01-25,16937,1,30,18,on_time
T-002664,M-1034,2026-01-25,7797,1,30,17,on_time
T-002881,M-1038,2026-01-25,16750,1,30,30,on_time
T-003234,M-1044,2026-01-25,16848,1,21,21,on_time
T-003663,M-1050,2026-01-25,14688,1,21,34,late
T-003899,M-1054,2026-01-25,7476,1,21,41,late
T-003902,M-1054,2026-01-25,8439,1,21,12,on_time
T-000238,M-1003,2026-01-26,37616,1,30,27,on_time
T-000424,M-1005,2026-01-26,16913,1,30,18,on_time
T-000899,M-1010,2026-01-26,13120,0,,,cash
T-001475,M-1017,2026-01-26,30898,1,30,27,on_time
T-001695,M-1020,2026-01-26,7681,0,,,cash
T-001991,M-1024,2026-01-26,12390,0,,,cash
T-002126,M-1026,2026-01-26,17058,0,,,cash
T-002276,M-1028,2026-01-26,37040,0,,,cash
T-002279,M-1028,2026-01-26,11613,1,30,25,on_time
T-002500,M-1031,2026-01-26,9536,1,30,27,on_time
T-002661,M-1034,2026-01-26,14413,0,,,cash
T-003389,M-1046,2026-01-26,5890,1,21,15,on_time
T-003390,M-1046,2026-01-26,3462,0,,,cash
T-003455,M-1047,2026-01-26,11352,0,,,cash
T-003530,M-1048,2026-01-26,9108,1,21,6,on_time
T-003898,M-1054,2026-01-26,6886,1,21,31,late
T-000036,M-1001,2026-01-27,26632,1,30,27,on_time
T-000331,M-1004,2026-01-27,16592,1,30,29,on_time
T-000530,M-1006,2026-01-27,28051,1,30,17,on_time
T-000709,M-1008,2026-01-27,27472,0,,,cash
T-000808,M-1009,2026-01-27,55993,1,30,19,on_time
T-001615,M-1019,2026-01-27,6131,1,30,20,on_time
T-002615,M-1033,2026-01-27,13310,1,30,18,on_time
T-002772,M-1036,2026-01-27,18466,1,30,19,on_time
T-002829,M-1037,2026-01-27,17676,1,30,16,on_time
T-003098,M-1042,2026-01-27,17894,1,30,29,on_time
T-003958,M-1055,2026-01-27,9863,0,,,cash
T-000153,M-1002,2026-01-28,34436,1,30,20,on_time
T-000340,M-1004,2026-01-28,26933,0,,,cash
T-000718,M-1008,2026-01-28,20010,0,,,cash
T-001102,M-1012,2026-01-28,40031,1,30,22,on_time
T-001412,M-1016,2026-01-28,29559,1,30,28,on_time
T-001483,M-1017,2026-01-28,30254,1,30,22,on_time
T-001913,M-1023,2026-01-28,27345,0,,,cash
T-002205,M-1027,2026-01-28,15199,1,30,20,on_time
T-002668,M-1034,2026-01-28,14937,1,30,16,on_time
T-002991,M-1040,2026-01-28,19198,1,30,28,on_time
T-003047,M-1041,2026-01-28,23067,0,,,cash
T-003237,M-1044,2026-01-28,23787,1,21,9,on_time
T-003905,M-1054,2026-01-28,7319,1,21,20,on_time
T-000150,M-1002,2026-01-29,43121,1,30,29,on_time
T-000334,M-1004,2026-01-29,17236,1,30,18,on_time
T-000433,M-1005,2026-01-29,15456,1,30,27,on_time
T-000531,M-1006,2026-01-29,8575,0,,,cash
T-001201,M-1013,2026-01-29,13476,1,30,21,on_time
T-001700,M-1020,2026-01-29,15033,1,30,26,on_time
T-003395,M-1046,2026-01-29,7053,1,21,15,on_time
T-004019,M-1056,2026-01-29,7009,1,21,44,late
T-000048,M-1001,2026-01-30,29081,0,,,cash
T-000243,M-1003,2026-01-30,42938,0,,,cash
T-001007,M-1011,2026-01-30,31219,1,30,17,on_time
T-001625,M-1019,2026-01-30,15440,1,30,24,on_time
T-001704,M-1020,2026-01-30,19075,1,30,22,on_time
T-001838,M-1022,2026-01-30,12255,0,,,cash
T-003165,M-1043,2026-01-30,7282,1,21,13,on_time
T-003464,M-1047,2026-01-30,16653,1,21,6,on_time
T-003602,M-1049,2026-01-30,15133,0,,,cash
T-003673,M-1050,2026-01-30,4347,1,21,,default
T-000812,M-1009,2026-01-31,78215,1,30,20,on_time
T-001003,M-1011,2026-01-31,52971,1,30,24,on_time
T-001411,M-1016,2026-01-31,9849,0,,,cash
T-001839,M-1022,2026-01-31,3564,1,30,39,late
T-001844,M-1022,2026-01-31,11910,1,30,23,on_time
T-002281,M-1028,2026-01-31,54571,0,,,cash
T-003316,M-1045,2026-01-31,5028,1,21,6,on_time
T-003795,M-1052,2026-01-31,8704,1,21,30,late
T-000040,M-1001,2026-02-01,18591,1,30,30,on_time
T-000539,M-1006,2026-02-01,12712,1,30,29,on_time
T-000813,M-1009,2026-02-01,90292,1,30,28,on_time
T-001265,M-1014,2026-02-01,4108,0,,,cash
T-001911,M-1023,2026-02-01,33660,1,30,26,on_time
T-002207,M-1027,2026-02-01,46836,0,,,cash
T-002282,M-1028,2026-02-01,26362,1,30,29,on_time
T-002670,M-1034,2026-02-01,11988,1,30,30,on_time
T-002671,M-1034,2026-02-01,9872,0,,,cash
T-002939,M-1039,2026-02-01,28593,1,30,22,on_time
T-002990,M-1040,2026-02-01,14479,1,30,21,on_time
T-003396,M-1046,2026-02-01,11439,0,,,cash
T-000336,M-1004,2026-02-02,29927,1,30,29,on_time
T-000534,M-1006,2026-02-02,9660,0,,,cash
T-001773,M-1021,2026-02-02,21753,1,30,23,on_time
T-002357,M-1029,2026-02-02,10554,1,30,20,on_time
T-002558,M-1032,2026-02-02,17974,1,30,22,on_time
T-002723,M-1035,2026-02-02,18796,0,,,cash
T-002938,M-1039,2026-02-02,30571,1,30,25,on_time
T-003050,M-1041,2026-02-02,22870,1,30,29,on_time
T-003238,M-1044,2026-02-02,31426,1,21,35,late
T-003315,M-1045,2026-02-02,7503,0,,,cash
T-003392,M-1046,2026-02-02,16545,1,21,17,on_time
T-003462,M-1047,2026-02-02,18034,1,21,18,on_time
T-003668,M-1050,2026-02-02,3535,0,,,cash
T-004021,M-1056,2026-02-02,6345,1,21,33,late
T-000152,M-1002,2026-02-03,22809,1,30,19,on_time
T-000337,M-1004,2026-02-03,7470,1,30,27,on_time
T-000430,M-1005,2026-02-03,31380,1,30,26,on_time
T-000811,M-1009,2026-02-03,19946,1,30,22,on_time
T-001004,M-1011,2026-02-03,35510,1,30,26,on_time
T-002284,M-1028,2026-02-03,32373,1,30,22,on_time
T-002359,M-1029,2026-02-03,12812,1,30,17,on_time
T-002667,M-1034,2026-02-03,12074,0,,,cash
T-002669,M-1034,2026-02-03,18700,0,,,cash
T-003320,M-1045,2026-02-03,11604,1,21,8,on_time
T-000146,M-1002,2026-02-04,21046,0,,,cash
T-000536,M-1006,2026-02-04,14239,1,30,30,on_time
T-000626,M-1007,2026-02-04,30439,1,30,27,on_time
T-001266,M-1014,2026-02-04,13979,0,,,cash
T-001268,M-1014,2026-02-04,7781,1,30,22,on_time
T-001410,M-1016,2026-02-04,46583,0,,,cash
T-001481,M-1017,2026-02-04,34663,1,30,19,on_time
T-002283,M-1028,2026-02-04,43173,1,30,23,on_time
T-002361,M-1029,2026-02-04,9940,1,30,23,on_time
T-002777,M-1036,2026-02-04,20107,0,,,cash
T-002833,M-1037,2026-02-04,10457,1,30,26,on_time
T-000246,M-1003,2026-02-05,91113,1,30,24,on_time
T-000335,M-1004,2026-02-05,43468,1,30,29,on_time
T-000437,M-1005,2026-02-05,23451,1,30,21,on_time
T-002887,M-1038,2026-02-05,19722,1,30,18,on_time
T-003235,M-1044,2026-02-05,21938,0,,,cash
T-003239,M-1044,2026-02-05,22700,0,,,cash
T-003906,M-1054,2026-02-05,3034,1,21,40,late
T-000044,M-1001,2026-02-06,12131,0,,,cash
T-000242,M-1003,2026-02-06,99365,1,30,26,on_time
T-000908,M-1010,2026-02-06,20324,1,30,29,on_time
T-001002,M-1011,2026-02-06,12370,1,30,42,late
T-001840,M-1022,2026-02-06,11300,1,30,22,on_time
T-001843,M-1022,2026-02-06,7454,1,30,24,on_time
T-001910,M-1023,2026-02-06,42570,0,,,cash
T-002725,M-1035,2026-02-06,3093,1,30,21,on_time
T-002837,M-1037,2026-02-06,15130,1,30,23,on_time
T-002988,M-1040,2026-02-06,19193,1,30,28,on_time
T-003049,M-1041,2026-02-06,24003,0,,,cash
T-003536,M-1048,2026-02-06,6417,1,21,13,on_time
T-003538,M-1048,2026-02-06,11882,1,21,7,on_time
T-003907,M-1054,2026-02-06,6100,1,21,16,on_time
T-001000,M-1011,2026-02-07,55194,0,,,cash
T-001622,M-1019,2026-02-07,12978,1,30,15,on_time
T-001768,M-1021,2026-02-07,30708,1,30,19,on_time
T-001772,M-1021,2026-02-07,14213,0,,,cash
T-002063,M-1025,2026-02-07,18095,1,30,22,on_time
T-002358,M-1029,2026-02-07,25673,1,30,18,on_time
T-002429,M-1030,2026-02-07,31197,1,30,47,late
T-003847,M-1053,2026-02-07,5777,1,21,20,on_time
T-000041,M-1001,2026-02-08,17572,1,30,27,on_time
T-000046,M-1001,2026-02-08,23733,0,,,cash
T-000339,M-1004,2026-02-08,36430,0,,,cash
T-000627,M-1007,2026-02-08,55101,1,30,30,on_time
T-000629,M-1007,2026-02-08,30791,1,30,15,on_time
T-001006,M-1011,2026-02-08,52836,0,,,cash
T-001100,M-1012,2026-02-08,24611,0,,,cash
T-001482,M-1017,2026-02-08,23405,1,30,15,on_time
T-001552,M-1018,2026-02-08,38178,1,30,16,on_time
T-001914,M-1023,2026-02-08,41143,1,30,20,on_time
T-002131,M-1026,2026-02-08,34806,0,,,cash
T-002424,M-1030,2026-02-08,19242,1,30,30,on_time
T-002504,M-1031,2026-02-08,10615,0,,,cash
T-003321,M-1045,2026-02-08,14435,1,21,29,late
T-000045,M-1001,2026-02-09,22034,0,,,cash
T-000333,M-1004,2026-02-09,23465,1,30,30,on_time
T-000431,M-1005,2026-02-09,10159,1,30,29,on_time
T-000532,M-1006,2026-02-09,20639,0,,,cash
T-000537,M-1006,2026-02-09,18400,1,30,24,on_time
T-000717,M-1008,2026-02-09,27913,0,,,cash
T-000817,M-1009,2026-02-09,76431,0,,,cash
T-001203,M-1013,2026-02-09,20215,0,,,cash
T-001551,M-1018,2026-02-09,20103,0,,,cash
T-001553,M-1018,2026-02-09,45329,1,30,18,on_time
T-001621,M-1019,2026-02-09,13209,0,,,cash
T-002425,M-1030,2026-02-09,22231,1,30,18,on_time
T-002501,M-1031,2026-02-09,27289,1,30,15,on_time
T-002666,M-1034,2026-02-09,17566,1,30,25,on_time
T-002724,M-1035,2026-02-09,21395,1,30,16,on_time
T-002886,M-1038,2026-02-09,36312,1,30,23,on_time
T-003742,M-1051,2026-02-09,7092,0,,,cash
T-001008,M-1011,2026-02-10,50793,1,30,30,on_time
T-001107,M-1012,2026-02-10,35171,0,,,cash
T-001267,M-1014,2026-02-10,7113,1,30,19,on_time
T-001347,M-1015,2026-02-10,29483,0,,,cash
T-002834,M-1037,2026-02-10,7025,1,30,28,on_time
T-000245,M-1003,2026-02-11,71842,0,,,cash
T-000332,M-1004,2026-02-11,21079,1,30,25,on_time
T-000713,M-1008,2026-02-11,40996,0,,,cash
T-000716,M-1008,2026-02-11,55820,0,,,cash
T-001344,M-1015,2026-02-11,17096,0,,,cash
T-001479,M-1017,2026-02-11,22770,1,30,48,late
T-001703,M-1020,2026-02-11,18646,0,,,cash
T-001995,M-1024,2026-02-11,29099,1,30,29,on_time
T-002505,M-1031,2026-02-11,14785,0,,,cash
T-002562,M-1032,2026-02-11,11138,0,,,cash
T-002836,M-1037,2026-02-11,6875,1,30,26,on_time
T-003319,M-1045,2026-02-11,10538,1,21,12,on_time
T-000338,M-1004,2026-02-12,42986,1,30,25,on_time
T-000540,M-1006,2026-02-12,10705,0,,,cash
T-001270,M-1014,2026-02-12,6184,1,30,27,on_time
T-001480,M-1017,2026-02-12,7517,1,30,17,on_time
T-003849,M-1053,2026-02-12,4381,1,21,42,late
T-000428,M-1005,2026-02-13,23618,1,30,26,on_time
T-001106,M-1012,2026-02-13,300,1,30,29,on_time
T-001771,M-1021,2026-02-13,25816,0,,,cash
T-001774,M-1021,2026-02-13,29818,1,30,30,on_time
T-003318,M-1045,2026-02-13,17377,1,21,17,on_time
T-003669,M-1050,2026-02-13,6811,1,21,21,on_time
T-003670,M-1050,2026-02-13,7617,1,21,6,on_time
T-003903,M-1054,2026-02-13,9868,1,21,8,on_time
T-004022,M-1056,2026-02-13,4061,0,,,cash
T-000043,M-1001,2026-02-14,27358,0,,,cash
T-000628,M-1007,2026-02-14,30212,1,30,20,on_time
T-000816,M-1009,2026-02-14,29860,1,30,15,on_time
T-002066,M-1025,2026-02-14,16250,1,30,35,late
T-002502,M-1031,2026-02-14,12315,0,,,cash
T-003164,M-1043,2026-02-14,15996,1,21,30,late
T-000155,M-1002,2026-02-15,31188,0,,,cash
T-001005,M-1011,2026-02-15,40205,0,,,cash
T-001343,M-1015,2026-02-15,14579,0,,,cash
T-001550,M-1018,2026-02-15,49946,1,30,44,late
T-002129,M-1026,2026-02-15,24919,1,30,30,on_time
T-002426,M-1030,2026-02-15,17803,1,30,30,on_time
T-002559,M-1032,2026-02-15,10898,0,,,cash
T-002560,M-1032,2026-02-15,6853,1,30,40,late
T-002619,M-1033,2026-02-15,27915,1,30,22,on_time
T-003162,M-1043,2026-02-15,11703,1,21,13,on_time
T-003317,M-1045,2026-02-15,4504,1,21,11,on_time
T-003741,M-1051,2026-02-15,7434,1,21,14,on_time
T-003796,M-1052,2026-02-15,7295,1,21,40,late
T-000435,M-1005,2026-02-16,14676,0,,,cash
T-000714,M-1008,2026-02-16,53482,1,30,23,on_time
T-001001,M-1011,2026-02-16,59136,1,30,21,on_time
T-001342,M-1015,2026-02-16,32072,1,30,27,on_time
T-001346,M-1015,2026-02-16,17362,1,30,29,on_time
T-001623,M-1019,2026-02-16,2292,1,30,24,on_time
T-002722,M-1035,2026-02-16,20667,0,,,cash
T-003236,M-1044,2026-02-16,17993,1,21,46,late
T-003461,M-1047,2026-02-16,23514,1,21,46,late
T-003463,M-1047,2026-02-16,7382,1,21,17,on_time
T-003794,M-1052,2026-02-16,12035,0,,,cash
T-003960,M-1055,2026-02-16,16569,1,21,12,on_time
T-003961,M-1055,2026-02-16,11342,0,,,cash
T-000148,M-1002,2026-02-17,24912,1,30,30,on_time
T-000247,M-1003,2026-02-17,60655,0,,,cash
T-000434,M-1005,2026-02-17,13494,0,,,cash
T-000624,M-1007,2026-02-17,52734,0,,,cash
T-000905,M-1010,2026-02-17,24717,1,30,27,on_time
T-000907,M-1010,2026-02-17,19194,1,30,19,on_time
T-001702,M-1020,2026-02-17,5457,0,,,cash
T-002360,M-1029,2026-02-17,14340,1,30,22,on_time
T-002428,M-1030,2026-02-17,27705,1,30,25,on_time
T-002561,M-1032,2026-02-17,12778,1,30,25,on_time
T-002832,M-1037,2026-02-17,20140,1,30,27,on_time
T-002835,M-1037,2026-02-17,6190,0,,,cash
T-003102,M-1042,2026-02-17,49020,1,30,26,on_time
T-003394,M-1046,2026-02-17,11124,1,21,6,on_time
T-003605,M-1049,2026-02-17,35307,0,,,cash
T-003846,M-1053,2026-02-17,6719,1,21,,default
T-003848,M-1053,2026-02-17,7353,0,,,cash
T-000538,M-1006,2026-02-18,20348,1,30,19,on_time
T-000625,M-1007,2026-02-18,664,1,30,19,on_time
T-000815,M-1009,2026-02-18,50046,0,,,cash
T-000904,M-1010,2026-02-18,24438,0,,,cash
T-000906,M-1010,2026-02-18,20178,0,,,cash
T-001105,M-1012,2026-02-18,9139,1,30,18,on_time
T-002133,M-1026,2026-02-18,14644,1,30,17,on_time
T-002206,M-1027,2026-02-18,34016,1,30,30,on_time
T-002354,M-1029,2026-02-18,13890,0,,,cash
T-002992,M-1040,2026-02-18,32213,0,,,cash
T-000154,M-1002,2026-02-19,28100,0,,,cash
T-000533,M-1006,2026-02-19,26463,1,30,20,on_time
T-000535,M-1006,2026-02-19,23812,0,,,cash
T-000715,M-1008,2026-02-19,19838,0,,,cash
T-000910,M-1010,2026-02-19,15816,1,30,21,on_time
T-001103,M-1012,2026-02-19,37903,0,,,cash
T-001993,M-1024,2026-02-19,29658,0,,,cash
T-001996,M-1024,2026-02-19,29123,1,30,20,on_time
T-002355,M-1029,2026-02-19,20124,0,,,cash
T-003393,M-1046,2026-02-19,10227,1,21,16,on_time
T-004020,M-1056,2026-02-19,3200,1,21,16,on_time
T-000147,M-1002,2026-02-20,16133,1,30,18,on_time
T-000814,M-1009,2026-02-20,73472,1,30,21,on_time
T-000909,M-1010,2026-02-20,27116,1,30,18,on_time
T-001624,M-1019,2026-02-20,13760,1,30,15,on_time
T-001770,M-1021,2026-02-20,26337,0,,,cash
T-001837,M-1022,2026-02-20,7899,0,,,cash
T-001841,M-1022,2026-02-20,9212,0,,,cash
T-002134,M-1026,2026-02-20,17247,0,,,cash
T-002209,M-1027,2026-02-20,21101,0,,,cash
T-002778,M-1036,2026-02-20,43006,1,30,24,on_time
T-003671,M-1050,2026-02-20,10109,0,,,cash
T-000042,M-1001,2026-02-21,17521,1,30,27,on_time
T-000151,M-1002,2026-02-21,23532,1,30,16,on_time
T-001101,M-1012,2026-02-21,36206,0,,,cash
T-001104,M-1012,2026-02-21,31785,1,30,28,on_time
T-001269,M-1014,2026-02-21,11658,1,30,24,on_time
T-001345,M-1015,2026-02-21,14551,1,30,21,on_time
T-001769,M-1021,2026-02-21,9207,1,30,25,on_time
T-001992,M-1024,2026-02-21,26197,1,30,21,on_time
T-002620,M-1033,2026-02-21,25215,1,30,20,on_time
T-002888,M-1038,2026-02-21,40545,0,,,cash
T-002989,M-1040,2026-02-21,5616,1,30,39,late
T-002993,M-1040,2026-02-21,35894,0,,,cash
T-003314,M-1045,2026-02-21,11111,1,21,17,on_time
T-000047,M-1001,2026-02-22,21460,0,,,cash
T-000341,M-1004,2026-02-22,18057,0,,,cash
T-000432,M-1005,2026-02-22,19550,1,30,22,on_time
T-001409,M-1016,2026-02-22,37826,1,30,46,late
T-001842,M-1022,2026-02-22,4748,0,,,cash
T-002557,M-1032,2026-02-22,8724,1,30,18,on_time
T-003048,M-1041,2026-02-22,6797,0,,,cash
T-003604,M-1049,2026-02-22,40569,1,21,20,on_time
T-003904,M-1054,2026-02-22,6180,0,,,cash
T-000429,M-1005,2026-02-23,19061,1,30,18,on_time
T-001271,M-1014,2026-02-23,3663,1,30,15,on_time
T-002937,M-1039,2026-02-23,32805,1,30,25,on_time
T-003166,M-1043,2026-02-23,22436,1,21,39,late
T-003539,M-1048,2026-02-23,32107,0,,,cash
T-003908,M-1054,2026-02-23,6783,1,21,8,on_time
T-000244,M-1003,2026-02-24,64932,1,30,22,on_time
T-000436,M-1005,2026-02-24,20929,0,,,cash
T-001202,M-1013,2026-02-24,16206,1,30,20,on_time
T-001912,M-1023,2026-02-24,21573,1,30,22,on_time
T-002132,M-1026,2026-02-24,23409,1,30,25,on_time
T-002618,M-1033,2026-02-24,31381,1,30,19,on_time
T-003101,M-1042,2026-02-24,27939,0,,,cash
T-003672,M-1050,2026-02-24,5736,0,,,cash
T-003674,M-1050,2026-02-24,4769,0,,,cash
T-003744,M-1051,2026-02-24,8571,1,21,12,on_time
T-000049,M-1001,2026-02-25,24146,1,30,28,on_time
T-000149,M-1002,2026-02-25,43947,1,30,27,on_time
T-001200,M-1013,2026-02-25,13754,0,,,cash
T-001994,M-1024,2026-02-25,19932,0,,,cash
T-002065,M-1025,2026-02-25,27809,1,30,29,on_time
T-002356,M-1029,2026-02-25,13142,1,30,24,on_time
T-002427,M-1030,2026-02-25,22950,0,,,cash
T-003163,M-1043,2026-02-25,19925,1,21,38,late
T-003537,M-1048,2026-02-25,16093,1,21,19,on_time
T-003603,M-1049,2026-02-25,29173,0,,,cash
T-003743,M-1051,2026-02-25,4805,1,21,13,on_time
T-003962,M-1055,2026-02-25,14682,1,21,21,on_time
T-001204,M-1013,2026-02-26,17629,1,30,30,on_time
T-001701,M-1020,2026-02-26,15916,1,30,20,on_time
T-002064,M-1025,2026-02-26,24913,1,30,24,on_time
T-002130,M-1026,2026-02-26,29586,1,30,19,on_time
T-002208,M-1027,2026-02-26,16053,0,,,cash
T-002503,M-1031,2026-02-26,17807,0,,,cash
T-002779,M-1036,2026-02-26,50128,1,30,30,on_time
T-003103,M-1042,2026-02-26,63360,1,30,23,on_time
T-003540,M-1048,2026-02-26,19432,1,21,18,on_time
T-003740,M-1051,2026-02-26,4425,0,,,cash
T-000056,M-1001,2026-02-27,50406,1,30,21,on_time
T-000635,M-1007,2026-02-27,26462,1,30,22,on_time
T-001012,M-1011,2026-02-27,36610,1,30,16,on_time
T-001113,M-1012,2026-02-27,49114,0,,,cash
T-001275,M-1014,2026-02-27,8108,0,,,cash
T-001348,M-1015,2026-02-27,10183,0,,,cash
T-001489,M-1017,2026-02-27,15904,1,30,33,late
T-002213,M-1027,2026-02-27,42708,1,30,26,on_time
T-002291,M-1028,2026-02-27,16173,1,30,24,on_time
T-002565,M-1032,2026-02-27,16569,1,30,26,on_time
T-002625,M-1033,2026-02-27,10873,1,30,16,on_time
T-002839,M-1037,2026-02-27,11698,1,30,27,on_time
T-003105,M-1042,2026-02-27,30036,1,30,45,late
T-003106,M-1042,2026-02-27,12542,1,30,17,on_time
T-003240,M-1044,2026-02-27,13015,0,,,cash
T-003610,M-1049,2026-02-27,15103,0,,,cash
T-003675,M-1050,2026-02-27,5055,1,21,19,on_time
T-003797,M-1052,2026-02-27,7574,0,,,cash
T-000253,M-1003,2026-02-28,59043,0,,,cash
T-000543,M-1006,2026-02-28,31478,0,,,cash
T-001010,M-1011,2026-02-28,61718,1,30,21,on_time
T-001114,M-1012,2026-02-28,25910,1,30,27,on_time
T-001274,M-1014,2026-02-28,6866,0,,,cash
T-001558,M-1018,2026-02-28,17311,1,30,17,on_time
T-001559,M-1018,2026-02-28,17944,1,30,26,on_time
T-002137,M-1026,2026-02-28,16585,1,30,18,on_time
T-002212,M-1027,2026-02-28,17800,0,,,cash
T-003681,M-1050,2026-02-28,6573,0,,,cash
T-001111,M-1012,2026-03-01,56555,0,,,cash
T-002365,M-1029,2026-03-01,33489,0,,,cash
T-002727,M-1035,2026-03-01,10478,1,30,28,on_time
T-002941,M-1039,2026-03-01,24929,1,30,42,late
T-003241,M-1044,2026-03-01,12723,1,21,27,late
T-003323,M-1045,2026-03-01,8995,1,21,11,on_time
T-001630,M-1019,2026-03-02,12267,0,,,cash
T-002567,M-1032,2026-03-02,18034,1,30,50,late
T-003467,M-1047,2026-03-02,7531,1,21,43,late
T-003544,M-1048,2026-03-02,21916,1,21,7,on_time
T-004023,M-1056,2026-03-02,4116,1,21,13,on_time
T-000055,M-1001,2026-03-03,29958,1,30,19,on_time
T-000057,M-1001,2026-03-03,23462,0,,,cash
T-000158,M-1002,2026-03-03,49346,1,30,25,on_time
T-000159,M-1002,2026-03-03,47051,0,,,cash
T-000248,M-1003,2026-03-03,46799,1,30,26,on_time
T-000442,M-1005,2026-03-03,27117,1,30,27,on_time
T-000823,M-1009,2026-03-03,53805,0,,,cash
T-001017,M-1011,2026-03-03,35470,0,,,cash
T-001116,M-1012,2026-03-03,12042,0,,,cash
T-002564,M-1032,2026-03-03,10307,1,30,24,on_time
T-002730,M-1035,2026-03-03,5724,1,30,52,late
T-003242,M-1044,2026-03-03,14068,1,21,40,late
T-000051,M-1001,2026-03-04,46482,1,30,24,on_time
T-000439,M-1005,2026-03-04,28165,0,,,cash
T-000722,M-1008,2026-03-04,48913,1,30,18,on_time
T-001115,M-1012,2026-03-04,38107,0,,,cash
T-001556,M-1018,2026-03-04,20063,0,,,cash
T-001708,M-1020,2026-03-04,12586,1,30,19,on_time
T-001915,M-1023,2026-03-04,25806,0,,,cash
T-001919,M-1023,2026-03-04,13837,1,30,21,on_time
T-001998,M-1024,2026-03-04,17757,0,,,cash
T-002288,M-1028,2026-03-04,10448,0,,,cash
T-002363,M-1029,2026-03-04,19123,1,30,16,on_time
T-002782,M-1036,2026-03-04,28885,0,,,cash
T-002891,M-1038,2026-03-04,44459,1,30,27,on_time
T-002998,M-1040,2026-03-04,28387,1,30,23,on_time
T-003168,M-1043,2026-03-04,5544,1,21,13,on_time
T-004025,M-1056,2026-03-04,6540,0,,,cash
T-000342,M-1004,2026-03-05,57506,0,,,cash
T-000819,M-1009,2026-03-05,56888,1,30,30,on_time
T-001108,M-1012,2026-03-05,22429,1,30,25,on_time
T-001916,M-1023,2026-03-05,15815,0,,,cash
T-002433,M-1030,2026-03-05,11577,1,30,21,on_time
T-003247,M-1044,2026-03-05,19862,1,21,7,on_time
T-003546,M-1048,2026-03-05,17226,0,,,cash
T-003854,M-1053,2026-03-05,4453,1,21,21,on_time
T-000914,M-1010,2026-03-06,33207,1,30,25,on_time
T-001414,M-1016,2026-03-06,25569,0,,,cash
T-001849,M-1022,2026-03-06,16018,1,30,16,on_time
T-001920,M-1023,2026-03-06,20599,1,30,24,on_time
T-002843,M-1037,2026-03-06,17417,0,,,cash
T-002940,M-1039,2026-03-06,32890,1,30,30,on_time
T-002995,M-1040,2026-03-06,10462,1,30,28,on_time
T-000161,M-1002,2026-03-07,53374,1,30,21,on_time
T-000541,M-1006,2026-03-07,12783,0,,,cash
T-000818,M-1009,2026-03-07,49545,1,30,24,on_time
T-001554,M-1018,2026-03-07,25674,0,,,cash
T-002889,M-1038,2026-03-07,43210,0,,,cash
T-003853,M-1053,2026-03-07,4421,1,21,43,late
T-000917,M-1010,2026-03-08,27661,1,30,23,on_time
T-001632,M-1019,2026-03-08,4848,0,,,cash
T-001776,M-1021,2026-03-08,27420,1,30,26,on_time
T-001999,M-1024,2026-03-08,14339,0,,,cash
T-002070,M-1025,2026-03-08,20488,1,30,16,on_time
T-002140,M-1026,2026-03-08,14565,1,30,46,late
T-002292,M-1028,2026-03-08,18156,1,30,26,on_time
T-003325,M-1045,2026-03-08,17391,0,,,cash
T-003328,M-1045,2026-03-08,13942,0,,,cash
T-001350,M-1015,2026-03-09,19160,1,30,20,on_time
T-002067,M-1025,2026-03-09,21496,1,30,20,on_time
T-002285,M-1028,2026-03-09,22426,0,,,cash
T-003174,M-1043,2026-03-09,10557,1,21,32,late
T-003850,M-1053,2026-03-09,4015,1,21,17,on_time
T-003909,M-1054,2026-03-09,9198,1,21,26,late
T-000052,M-1001,2026-03-10,30552,1,30,19,on_time
T-000156,M-1002,2026-03-10,49047,1,30,24,on_time
T-000631,M-1007,2026-03-10,19129,0,,,cash
T-000719,M-1008,2026-03-10,57658,1,30,30,on_time
T-000824,M-1009,2026-03-10,46071,0,,,cash
T-001014,M-1011,2026-03-10,56470,0,,,cash
T-001705,M-1020,2026-03-10,18916,1,30,43,late
T-002135,M-1026,2026-03-10,6527,0,,,cash
T-002287,M-1028,2026-03-10,19352,1,30,17,on_time
T-002289,M-1028,2026-03-10,19860,1,30,16,on_time
T-002430,M-1030,2026-03-10,12365,0,,,cash
T-002431,M-1030,2026-03-10,9036,1,30,18,on_time
T-002626,M-1033,2026-03-10,16289,1,30,15,on_time
T-002842,M-1037,2026-03-10,7540,1,30,28,on_time
T-003322,M-1045,2026-03-10,16386,1,21,35,late
T-003397,M-1046,2026-03-10,10216,1,21,18,on_time
T-003964,M-1055,2026-03-10,5675,0,,,cash
T-000443,M-1005,2026-03-11,29934,0,,,cash
T-000542,M-1006,2026-03-11,33515,1,30,22,on_time
T-000918,M-1010,2026-03-11,22410,0,,,cash
T-001015,M-1011,2026-03-11,35976,1,30,21,on_time
T-001847,M-1022,2026-03-11,12859,1,30,24,on_time
T-001850,M-1022,2026-03-11,16991,1,30,29,on_time
T-002508,M-1031,2026-03-11,17056,1,30,17,on_time
T-002674,M-1034,2026-03-11,25237,1,30,18,on_time
T-003107,M-1042,2026-03-11,14713,1,30,22,on_time
T-003245,M-1044,2026-03-11,14258,0,,,cash
T-000053,M-1001,2026-03-12,36270,1,30,26,on_time
T-000720,M-1008,2026-03-12,70444,1,30,25,on_time
T-000913,M-1010,2026-03-12,30899,0,,,cash
T-001205,M-1013,2026-03-12,12753,1,30,21,on_time
T-001848,M-1022,2026-03-12,18196,1,30,25,on_time
T-002069,M-1025,2026-03-12,20784,0,,,cash
T-002890,M-1038,2026-03-12,34404,1,30,22,on_time
T-003171,M-1043,2026-03-12,7452,1,21,21,on_time
T-003329,M-1045,2026-03-12,6057,1,21,6,on_time
T-003469,M-1047,2026-03-12,11980,1,21,12,on_time
T-003541,M-1048,2026-03-12,17418,1,21,38,late
T-003851,M-1053,2026-03-12,3846,1,21,,default
T-000249,M-1003,2026-03-13,33133,0,,,cash
T-000347,M-1004,2026-03-13,9812,1,30,17,on_time
T-000438,M-1005,2026-03-13,18004,1,30,17,on_time
T-000441,M-1005,2026-03-13,31110,0,,,cash
T-000822,M-1009,2026-03-13,14806,1,30,22,on_time
T-001997,M-1024,2026-03-13,12082,1,30,23,on_time
T-002068,M-1025,2026-03-13,24570,0,,,cash
T-002290,M-1028,2026-03-13,24089,0,,,cash
T-002728,M-1035,2026-03-13,16863,0,,,cash
T-003400,M-1046,2026-03-13,17824,0,,,cash
T-003545,M-1048,2026-03-13,19678,0,,,cash
T-003607,M-1049,2026-03-13,18252,1,21,33,late
T-003912,M-1054,2026-03-13,10863,1,21,6,on_time
T-000344,M-1004,2026-03-14,55373,1,30,15,on_time
T-000440,M-1005,2026-03-14,25375,1,30,19,on_time
T-000630,M-1007,2026-03-14,43368,0,,,cash
T-001351,M-1015,2026-03-14,16280,0,,,cash
T-001777,M-1021,2026-03-14,36042,1,30,27,on_time
T-001779,M-1021,2026-03-14,31516,1,30,25,on_time
T-002002,M-1024,2026-03-14,10605,1,30,27,on_time
T-002507,M-1031,2026-03-14,31320,1,30,23,on_time
T-003170,M-1043,2026-03-14,9659,1,21,12,on_time
T-003243,M-1044,2026-03-14,11807,1,21,12,on_time
T-003244,M-1044,2026-03-14,8952,1,21,17,on_time
T-003609,M-1049,2026-03-14,11794,1,21,19,on_time
T-003679,M-1050,2026-03-14,9327,0,,,cash
T-000916,M-1010,2026-03-15,36496,1,30,26,on_time
T-001484,M-1017,2026-03-15,16861,0,,,cash
T-001486,M-1017,2026-03-15,28778,1,30,27,on_time
T-001626,M-1019,2026-03-15,9803,1,30,29,on_time
T-002141,M-1026,2026-03-15,20958,1,30,34,late
T-002210,M-1027,2026-03-15,46694,1,30,23,on_time
T-002364,M-1029,2026-03-15,18412,1,30,30,on_time
T-002566,M-1032,2026-03-15,13598,0,,,cash
T-002729,M-1035,2026-03-15,13605,1,30,25,on_time
T-003108,M-1042,2026-03-15,21670,0,,,cash
T-003172,M-1043,2026-03-15,13512,1,21,38,late
T-003466,M-1047,2026-03-15,7337,1,21,27,late
T-003798,M-1052,2026-03-15,6878,1,21,41,late
T-003910,M-1054,2026-03-15,7712,1,21,20,on_time
T-000250,M-1003,2026-03-16,72777,0,,,cash
T-000252,M-1003,2026-03-16,35972,1,30,24,on_time
T-000345,M-1004,2026-03-16,14351,1,30,23,on_time
T-000349,M-1004,2026-03-16,54087,0,,,cash
T-000912,M-1010,2026-03-16,26785,1,30,25,on_time
T-001415,M-1016,2026-03-16,20873,1,30,21,on_time
T-001627,M-1019,2026-03-16,8623,1,30,21,on_time
T-001778,M-1021,2026-03-16,21727,1,30,24,on_time
T-002435,M-1030,2026-03-16,17744,0,,,cash
T-002436,M-1030,2026-03-16,25979,1,30,43,late
T-002726,M-1035,2026-03-16,12026,1,30,30,on_time
T-002838,M-1037,2026-03-16,18574,1,30,30,on_time
T-002840,M-1037,2026-03-16,13069,1,30,20,on_time
T-002996,M-1040,2026-03-16,15501,1,30,30,on_time
T-003399,M-1046,2026-03-16,5280,0,,,cash
T-003542,M-1048,2026-03-16,5944,1,21,38,late
T-003678,M-1050,2026-03-16,7224,1,21,33,late
T-000632,M-1007,2026-03-17,46293,1,30,15,on_time
T-001273,M-1014,2026-03-17,10326,1,30,25,on_time
T-001352,M-1015,2026-03-17,20107,0,,,cash
T-001416,M-1016,2026-03-17,19800,1,30,28,on_time
T-001487,M-1017,2026-03-17,21301,0,,,cash
T-001490,M-1017,2026-03-17,20105,1,30,28,on_time
T-001629,M-1019,2026-03-17,12516,1,30,28,on_time
T-002139,M-1026,2026-03-17,29534,1,30,28,on_time
T-003799,M-1052,2026-03-17,7336,1,21,36,late
T-001208,M-1013,2026-03-18,23884,0,,,cash
T-001485,M-1017,2026-03-18,11563,0,,,cash
T-001633,M-1019,2026-03-18,4677,1,30,25,on_time
T-002362,M-1029,2026-03-18,18108,0,,,cash
T-002783,M-1036,2026-03-18,29344,1,30,26,on_time
T-002994,M-1040,2026-03-18,21213,1,30,17,on_time
T-003052,M-1041,2026-03-18,31195,0,,,cash
T-003608,M-1049,2026-03-18,19182,1,21,15,on_time
T-003966,M-1055,2026-03-18,4814,0,,,cash
T-003967,M-1055,2026-03-18,4397,1,21,45,late
T-004024,M-1056,2026-03-18,8781,1,21,6,on_time
T-000444,M-1005,2026-03-19,19111,1,30,18,on_time
T-001013,M-1011,2026-03-19,49650,0,,,cash
T-001110,M-1012,2026-03-19,15587,0,,,cash
T-001277,M-1014,2026-03-19,4796,1,30,27,on_time
T-001417,M-1016,2026-03-19,23348,1,30,16,on_time
T-001628,M-1019,2026-03-19,3999,0,,,cash
T-001845,M-1022,2026-03-19,9322,0,,,cash
T-001918,M-1023,2026-03-19,11782,0,,,cash
T-002506,M-1031,2026-03-19,32673,1,30,17,on_time
T-002623,M-1033,2026-03-19,9076,1,30,21,on_time
T-002781,M-1036,2026-03-19,22595,0,,,cash
T-002841,M-1037,2026-03-19,16258,1,30,18,on_time
T-003246,M-1044,2026-03-19,9295,0,,,cash
T-003677,M-1050,2026-03-19,6720,0,,,cash
T-003680,M-1050,2026-03-19,10281,1,21,30,late
T-003745,M-1051,2026-03-19,5188,1,21,,default
T-000157,M-1002,2026-03-20,71794,1,30,29,on_time
T-000343,M-1004,2026-03-20,27726,1,30,30,on_time
T-001207,M-1013,2026-03-20,33097,1,30,17,on_time
T-001488,M-1017,2026-03-20,18279,1,30,17,on_time
T-001631,M-1019,2026-03-20,6922,0,,,cash
T-002780,M-1036,2026-03-20,21766,1,30,51,late
T-003051,M-1041,2026-03-20,48694,0,,,cash
T-003053,M-1041,2026-03-20,31911,0,,,cash
T-003324,M-1045,2026-03-20,11447,1,21,8,on_time
T-003471,M-1047,2026-03-20,6563,1,21,45,late
T-003547,M-1048,2026-03-20,9870,0,,,cash
T-003606,M-1049,2026-03-20,11429,1,21,34,late
T-003611,M-1049,2026-03-20,20358,1,21,18,on_time
T-003612,M-1049,2026-03-20,8479,0,,,cash
T-000160,M-1002,2026-03-21,30057,1,30,18,on_time
T-000251,M-1003,2026-03-21,66879,0,,,cash
T-000254,M-1003,2026-03-21,49807,1,30,19,on_time
T-000348,M-1004,2026-03-21,55455,1,30,20,on_time
T-000633,M-1007,2026-03-21,18851,0,,,cash
T-001109,M-1012,2026-03-21,19348,1,30,15,on_time
T-001354,M-1015,2026-03-21,23332,1,30,55,late
T-002001,M-1024,2026-03-21,22555,1,30,29,on_time
T-003104,M-1042,2026-03-21,20317,1,30,23,on_time
T-000255,M-1003,2026-03-22,49755,1,30,52,late
T-000544,M-1006,2026-03-22,11092,1,30,18,on_time
T-000545,M-1006,2026-03-22,43853,0,,,cash
T-001009,M-1011,2026-03-22,53982,1,30,17,on_time
T-001112,M-1012,2026-03-22,26538,0,,,cash
T-001706,M-1020,2026-03-22,12147,1,30,30,on_time
T-002434,M-1030,2026-03-22,17472,1,30,22,on_time
T-002568,M-1032,2026-03-22,18670,1,30,19,on_time
T-003167,M-1043,2026-03-22,6090,1,21,20,on_time
T-003746,M-1051,2026-03-22,6115,1,21,33,late
T-003748,M-1051,2026-03-22,3743,1,21,12,on_time
T-000546,M-1006,2026-03-23,14355,1,30,24,on_time
T-000721,M-1008,2026-03-23,30047,1,30,21,on_time
T-000723,M-1008,2026-03-23,37932,1,30,16,on_time
T-000911,M-1010,2026-03-23,32217,1,30,19,on_time
T-001707,M-1020,2026-03-23,20468,1,30,30,on_time
T-001846,M-1022,2026-03-23,7971,1,30,18,on_time
T-002432,M-1030,2026-03-23,10302,1,30,22,on_time
T-002622,M-1033,2026-03-23,10160,1,30,15,on_time
T-003327,M-1045,2026-03-23,14648,0,,,cash
T-001011,M-1011,2026-03-24,53843,1,30,26,on_time
T-001349,M-1015,2026-03-24,23428,1,30,27,on_time
T-001418,M-1016,2026-03-24,25915,1,30,27,on_time
T-001555,M-1018,2026-03-24,28740,1,30,26,on_time
T-001557,M-1018,2026-03-24,14360,1,30,21,on_time
T-002003,M-1024,2026-03-24,16388,1,30,20,on_time
T-002563,M-1032,2026-03-24,10427,1,30,22,on_time
T-003169,M-1043,2026-03-24,6045,1,21,29,late
T-000050,M-1001,2026-03-25,29686,1,30,23,on_time
T-000346,M-1004,2026-03-25,31053,1,30,17,on_time
T-000445,M-1005,2026-03-25,23664,1,30,15,on_time
T-001016,M-1011,2026-03-25,33893,1,30,20,on_time
T-001272,M-1014,2026-03-25,16472,1,30,21,on_time
T-001775,M-1021,2026-03-25,34117,1,30,51,late
T-001921,M-1023,2026-03-25,31280,1,30,17,on_time
T-002000,M-1024,2026-03-25,19703,1,30,21,on_time
T-002138,M-1026,2026-03-25,16410,1,30,18,on_time
T-002211,M-1027,2026-03-25,50671,1,30,25,on_time
T-002437,M-1030,2026-03-25,7400,1,30,23,on_time
T-002942,M-1039,2026-03-25,36740,1,30,29,on_time
T-003173,M-1043,2026-03-25,10351,1,21,7,on_time
T-003326,M-1045,2026-03-25,5884,1,21,15,on_time
T-003398,M-1046,2026-03-25,12964,1,21,8,on_time
T-003747,M-1051,2026-03-25,6213,0,,,cash
T-003749,M-1051,2026-03-25,5596,1,21,,default
T-000446,M-1005,2026-03-26,23831,1,30,20,on_time
T-000724,M-1008,2026-03-26,34146,0,,,cash
T-000820,M-1009,2026-03-26,84127,1,30,26,on_time
T-000915,M-1010,2026-03-26,24245,0,,,cash
T-001018,M-1011,2026-03-26,49831,0,,,cash
T-001353,M-1015,2026-03-26,10676,0,,,cash
T-001413,M-1016,2026-03-26,20067,1,30,23,on_time
T-001917,M-1023,2026-03-26,22816,1,30,20,on_time
T-002136,M-1026,2026-03-26,16169,1,30,29,on_time
T-002672,M-1034,2026-03-26,23592,1,30,25,on_time
T-003465,M-1047,2026-03-26,5544,1,21,20,on_time
T-003543,M-1048,2026-03-26,16401,1,21,13,on_time
T-003855,M-1053,2026-03-26,1827,1,21,24,late
T-001206,M-1013,2026-03-27,18310,0,,,cash
T-001276,M-1014,2026-03-27,13975,1,30,22,on_time
T-002286,M-1028,2026-03-27,15904,1,30,24,on_time
T-002621,M-1033,2026-03-27,20045,0,,,cash
T-002624,M-1033,2026-03-27,7970,0,,,cash
T-002997,M-1040,2026-03-27,21367,0,,,cash
T-002999,M-1040,2026-03-27,21314,1,30,17,on_time
T-003676,M-1050,2026-03-27,5614,1,21,12,on_time
T-003911,M-1054,2026-03-27,6268,1,21,,default
T-003963,M-1055,2026-03-27,6705,1,21,40,late
T-000054,M-1001,2026-03-28,25989,1,30,30,on_time
T-000634,M-1007,2026-03-28,33711,1,30,27,on_time
T-000821,M-1009,2026-03-28,59235,1,30,22,on_time
T-001709,M-1020,2026-03-28,19364,1,30,28,on_time
T-002673,M-1034,2026-03-28,35324,1,30,20,on_time
T-003468,M-1047,2026-03-28,14357,0,,,cash
T-003470,M-1047,2026-03-28,11674,0,,,cash
T-003852,M-1053,2026-03-28,3163,0,,,cash
T-003965,M-1055,2026-03-28,6944,1,21,10,on_time
T-000162,M-1002,2026-03-29,51346,1,30,18,on_time
T-000164,M-1002,2026-03-29,66046,0,,,cash
T-000167,M-1002,2026-03-29,49124,1,30,26,on_time
T-000261,M-1003,2026-03-29,41322,0,,,cash
T-000928,M-1010,2026-03-29,13725,1,30,30,on_time
T-002004,M-1024,2026-03-29,16636,0,,,cash
T-002510,M-1031,2026-03-29,24075,0,,,cash
T-002677,M-1034,2026-03-29,14585,0,,,cash
T-002678,M-1034,2026-03-29,25850,1,30,23,on_time
T-003178,M-1043,2026-03-29,10841,0,,,cash
T-003918,M-1054,2026-03-29,3123,1,21,44,late
T-000168,M-1002,2026-03-30,18802,1,30,28,on_time
T-000730,M-1008,2026-03-30,31449,1,30,16,on_time
T-001212,M-1013,2026-03-30,9120,1,30,45,late
T-001359,M-1015,2026-03-30,16465,1,30,16,on_time
T-001927,M-1023,2026-03-30,13757,1,30,50,late
T-002008,M-1024,2026-03-30,7145,0,,,cash
T-002072,M-1025,2026-03-30,28478,1,30,18,on_time
T-002368,M-1029,2026-03-30,15292,0,,,cash
T-002438,M-1030,2026-03-30,14821,1,30,15,on_time
T-002572,M-1032,2026-03-30,22322,1,30,27,on_time
T-002675,M-1034,2026-03-30,24374,1,30,29,on_time
T-002731,M-1035,2026-03-30,24000,1,30,28,on_time
T-003916,M-1054,2026-03-30,3880,0,,,cash
T-000061,M-1001,2026-03-31,28934,1,30,20,on_time
T-000065,M-1001,2026-03-31,19770,1,30,26,on_time
T-000353,M-1004,2026-03-31,29111,1,30,15,on_time
T-000448,M-1005,2026-03-31,26870,0,,,cash
T-000449,M-1005,2026-03-31,20882,1,30,26,on_time
T-000728,M-1008,2026-03-31,40133,1,30,17,on_time
T-001357,M-1015,2026-03-31,14091,1,30,15,on_time
T-001493,M-1017,2026-03-31,9827,0,,,cash
T-001637,M-1019,2026-03-31,9735,0,,,cash
T-001929,M-1023,2026-03-31,11878,0,,,cash
T-002144,M-1026,2026-03-31,19863,1,30,46,late
T-002145,M-1026,2026-03-31,31814,1,30,27,on_time
T-002785,M-1036,2026-03-31,31481,1,30,25,on_time
T-001026,M-1011,2026-04-01,33640,1,30,33,late
T-001491,M-1017,2026-04-01,11469,1,30,17,on_time
T-003109,M-1042,2026-04-01,34247,1,30,22,on_time
T-003333,M-1045,2026-04-01,26196,0,,,cash
T-003550,M-1048,2026-04-01,22001,1,21,7,on_time
T-000355,M-1004,2026-04-02,54728,1,30,18,on_time
T-000551,M-1006,2026-04-02,27308,1,30,19,on_time
T-000726,M-1008,2026-04-02,28988,1,30,18,on_time
T-000926,M-1010,2026-04-02,29315,0,,,cash
T-001117,M-1012,2026-04-02,28402,0,,,cash
T-001118,M-1012,2026-04-02,23763,1,30,19,on_time
T-001119,M-1012,2026-04-02,28601,1,30,18,on_time
T-001497,M-1017,2026-04-02,23838,1,30,17,on_time
T-002788,M-1036,2026-04-02,17570,1,30,25,on_time
T-003616,M-1049,2026-04-02,20423,1,21,15,on_time
T-003801,M-1052,2026-04-02,3658,1,21,15,on_time
T-003968,M-1055,2026-04-02,5340,1,21,46,late
T-000548,M-1006,2026-04-03,35903,0,,,cash
T-001710,M-1020,2026-04-03,22650,1,30,21,on_time
T-001711,M-1020,2026-04-03,15748,0,,,cash
T-001786,M-1021,2026-04-03,26566,1,30,20,on_time
T-002293,M-1028,2026-04-03,38660,0,,,cash
T-002296,M-1028,2026-04-03,56684,1,30,18,on_time
T-002846,M-1037,2026-04-03,34204,1,30,22,on_time
T-002943,M-1039,2026-04-03,23443,1,30,25,on_time
T-000165,M-1002,2026-04-04,32186,1,30,28,on_time
T-000727,M-1008,2026-04-04,35921,0,,,cash
T-002006,M-1024,2026-04-04,17366,1,30,20,on_time
T-002009,M-1024,2026-04-04,6255,1,30,24,on_time
T-002676,M-1034,2026-04-04,12288,1,30,26,on_time
T-002944,M-1039,2026-04-04,4821,1,30,24,on_time
T-003475,M-1047,2026-04-04,9643,1,21,9,on_time
T-003682,M-1050,2026-04-04,10810,0,,,cash
T-000259,M-1003,2026-04-05,39178,1,30,25,on_time
T-000641,M-1007,2026-04-05,7250,0,,,cash
T-000732,M-1008,2026-04-05,49562,1,30,24,on_time
T-001360,M-1015,2026-04-05,15692,1,30,19,on_time
T-001852,M-1022,2026-04-05,17835,0,,,cash
T-002571,M-1032,2026-04-05,19911,0,,,cash
T-003404,M-1046,2026-04-05,9255,1,21,24,late
T-003856,M-1053,2026-04-05,6865,0,,,cash
T-003913,M-1054,2026-04-05,6151,1,21,18,on_time
T-000356,M-1004,2026-04-06,40405,1,30,29,on_time
T-000729,M-1008,2026-04-06,31271,1,30,15,on_time
T-000828,M-1009,2026-04-06,81516,1,30,18,on_time
T-001281,M-1014,2026-04-06,13195,1,30,23,on_time
T-001638,M-1019,2026-04-06,23256,0,,,cash
T-002073,M-1025,2026-04-06,18356,1,30,24,on_time
T-002074,M-1025,2026-04-06,19057,1,30,15,on_time
T-002294,M-1028,2026-04-06,32751,0,,,cash
T-003403,M-1046,2026-04-06,8442,1,21,13,on_time
T-003473,M-1047,2026-04-06,8869,1,21,10,on_time
T-000354,M-1004,2026-04-07,48894,1,30,25,on_time
T-000455,M-1005,2026-04-07,29557,1,30,17,on_time
T-001025,M-1011,2026-04-07,59130,1,30,30,on_time
T-001355,M-1015,2026-04-07,4894,1,30,43,late
T-001423,M-1016,2026-04-07,33402,1,30,16,on_time
T-001564,M-1018,2026-04-07,37913,1,30,15,on_time
T-001635,M-1019,2026-04-07,13237,1,30,18,on_time
T-001712,M-1020,2026-04-07,19798,1,30,23,on_time
T-001923,M-1023,2026-04-07,23899,0,,,cash
T-002369,M-1029,2026-04-07,23684,0,,,cash
T-002440,M-1030,2026-04-07,25661,1,30,27,on_time
T-003000,M-1040,2026-04-07,21014,0,,,cash
T-003112,M-1042,2026-04-07,14967,1,30,18,on_time
T-003803,M-1052,2026-04-07,4072,1,21,,default
T-003915,M-1054,2026-04-07,3941,1,21,13,on_time
T-003917,M-1054,2026-04-07,3001,1,21,20,on_time
T-003972,M-1055,2026-04-07,2003,1,21,13,on_time
T-000450,M-1005,2026-04-08,28730,1,30,29,on_time
T-000453,M-1005,2026-04-08,27977,0,,,cash
T-000643,M-1007,2026-04-08,40378,1,30,29,on_time
T-000831,M-1009,2026-04-08,48590,1,30,29,on_time
T-000925,M-1010,2026-04-08,9897,0,,,cash
T-001123,M-1012,2026-04-08,26551,1,30,29,on_time
T-002679,M-1034,2026-04-08,7406,0,,,cash
T-002946,M-1039,2026-04-08,18920,0,,,cash
T-003405,M-1046,2026-04-08,4683,1,21,10,on_time
T-003551,M-1048,2026-04-08,16718,0,,,cash
T-000062,M-1001,2026-04-09,28912,1,30,16,on_time
T-001023,M-1011,2026-04-09,61914,1,30,29,on_time
T-001782,M-1021,2026-04-09,17496,1,30,30,on_time
T-002367,M-1029,2026-04-09,31339,1,30,20,on_time
T-002443,M-1030,2026-04-09,16491,0,,,cash
T-002845,M-1037,2026-04-09,39272,0,,,cash
T-003402,M-1046,2026-04-09,3281,1,21,46,late
T-000827,M-1009,2026-04-10,35942,1,30,16,on_time
T-001279,M-1014,2026-04-10,16808,1,30,20,on_time
T-001639,M-1019,2026-04-10,1061,1,30,15,on_time
T-001928,M-1023,2026-04-10,15661,0,,,cash
T-003004,M-1040,2026-04-10,16622,1,30,18,on_time
T-003613,M-1049,2026-04-10,22082,1,21,18,on_time
T-003800,M-1052,2026-04-10,1148,1,21,25,late
T-000357,M-1004,2026-04-11,43618,1,30,25,on_time
T-000923,M-1010,2026-04-11,11139,0,,,cash
T-001210,M-1013,2026-04-11,23621,0,,,cash
T-002075,M-1025,2026-04-11,28054,1,30,30,on_time
T-002214,M-1027,2026-04-11,11914,0,,,cash
T-002441,M-1030,2026-04-11,22873,0,,,cash
T-002442,M-1030,2026-04-11,14381,1,30,27,on_time
T-002444,M-1030,2026-04-11,18450,1,30,15,on_time
T-002784,M-1036,2026-04-11,18745,1,30,23,on_time
T-002786,M-1036,2026-04-11,39423,1,30,19,on_time
T-002894,M-1038,2026-04-11,36634,1,30,22,on_time
T-002945,M-1039,2026-04-11,34959,1,30,49,late
T-003113,M-1042,2026-04-11,20189,1,30,25,on_time
T-003180,M-1043,2026-04-11,5981,1,21,8,on_time
T-003331,M-1045,2026-04-11,20472,1,21,10,on_time
T-003552,M-1048,2026-04-11,13550,0,,,cash
T-000352,M-1004,2026-04-12,64159,0,,,cash
T-000553,M-1006,2026-04-12,10770,1,30,16,on_time
T-000638,M-1007,2026-04-12,28981,1,30,26,on_time
T-000734,M-1008,2026-04-12,43344,1,30,22,on_time
T-000924,M-1010,2026-04-12,15755,1,30,28,on_time
T-001120,M-1012,2026-04-12,28619,1,30,20,on_time
T-001124,M-1012,2026-04-12,34867,1,30,30,on_time
T-001713,M-1020,2026-04-12,11196,0,,,cash
T-001784,M-1021,2026-04-12,19600,1,30,25,on_time
T-001922,M-1023,2026-04-12,15759,0,,,cash
T-002370,M-1029,2026-04-12,9339,1,30,18,on_time
T-002509,M-1031,2026-04-12,27621,1,30,22,on_time
T-003914,M-1054,2026-04-12,4237,0,,,cash
T-003971,M-1055,2026-04-12,3100,1,21,31,late
T-000060,M-1001,2026-04-13,25246,0,,,cash
T-000547,M-1006,2026-04-13,29091,0,,,cash
T-000922,M-1010,2026-04-13,27049,1,30,19,on_time
T-001361,M-1015,2026-04-13,15170,1,30,44,late
T-001495,M-1017,2026-04-13,8697,1,30,48,late
T-002071,M-1025,2026-04-13,12776,1,30,16,on_time
T-003175,M-1043,2026-04-13,6432,0,,,cash
T-000642,M-1007,2026-04-14,25485,1,30,29,on_time
T-000825,M-1009,2026-04-14,86317,1,30,19,on_time
T-000919,M-1010,2026-04-14,21800,1,30,17,on_time
T-000927,M-1010,2026-04-14,30704,1,30,22,on_time
T-001024,M-1011,2026-04-14,12826,0,,,cash
T-001211,M-1013,2026-04-14,13491,1,30,22,on_time
T-001420,M-1016,2026-04-14,42395,0,,,cash
T-001640,M-1019,2026-04-14,11326,0,,,cash
T-001780,M-1021,2026-04-14,20411,1,30,19,on_time
T-002215,M-1027,2026-04-14,48821,1,30,18,on_time
T-002627,M-1033,2026-04-14,19926,1,30,19,on_time
T-002733,M-1035,2026-04-14,23848,1,30,40,late
T-003001,M-1040,2026-04-14,10287,1,30,19,on_time
T-003057,M-1041,2026-04-14,36124,1,30,20,on_time
T-003248,M-1044,2026-04-14,33447,1,21,38,late
T-003686,M-1050,2026-04-14,5382,1,21,35,late
T-003750,M-1051,2026-04-14,5558,1,21,11,on_time
T-000550,M-1006,2026-04-15,33578,1,30,30,on_time
T-000639,M-1007,2026-04-15,24007,1,30,29,on_time
T-001020,M-1011,2026-04-15,49867,1,30,20,on_time
T-001209,M-1013,2026-04-15,16949,1,30,16,on_time
T-001356,M-1015,2026-04-15,7994,0,,,cash
T-001853,M-1022,2026-04-15,19937,1,30,16,on_time
T-002629,M-1033,2026-04-15,24752,1,30,28,on_time
T-003054,M-1041,2026-04-15,34539,1,30,17,on_time
T-003179,M-1043,2026-04-15,16536,1,21,8,on_time
T-000447,M-1005,2026-04-16,17102,1,30,18,on_time
T-000731,M-1008,2026-04-16,33389,1,30,19,on_time
T-001362,M-1015,2026-04-16,26162,1,30,17,on_time
T-001498,M-1017,2026-04-16,29340,1,30,44,late
T-001561,M-1018,2026-04-16,40877,1,30,24,on_time
T-001563,M-1018,2026-04-16,26798,1,30,28,on_time
T-001714,M-1020,2026-04-16,14307,1,30,21,on_time
T-002217,M-1027,2026-04-16,38720,0,,,cash
T-002511,M-1031,2026-04-16,21803,0,,,cash
T-002573,M-1032,2026-04-16,22267,1,30,26,on_time
T-003330,M-1045,2026-04-16,27445,1,21,14,on_time
T-003751,M-1051,2026-04-16,2668,0,,,cash
T-003752,M-1051,2026-04-16,4799,0,,,cash
T-000166,M-1002,2026-04-17,21709,0,,,cash
T-000640,M-1007,2026-04-17,53203,1,30,27,on_time
T-001122,M-1012,2026-04-17,33417,0,,,cash
T-001783,M-1021,2026-04-17,28487,1,30,17,on_time
T-001854,M-1022,2026-04-17,8102,1,30,24,on_time
T-001926,M-1023,2026-04-17,22798,0,,,cash
T-002005,M-1024,2026-04-17,7836,1,30,19,on_time
T-002445,M-1030,2026-04-17,16826,0,,,cash
T-002787,M-1036,2026-04-17,25522,0,,,cash
T-003056,M-1041,2026-04-17,26716,1,30,43,late
T-003476,M-1047,2026-04-17,6307,1,21,14,on_time
T-003685,M-1050,2026-04-17,6494,1,21,9,on_time
T-003804,M-1052,2026-04-17,2919,1,21,37,late
T-003805,M-1052,2026-04-17,1873,1,21,30,late
T-003857,M-1053,2026-04-17,3050,1,21,17,on_time
T-004028,M-1056,2026-04-17,6970,1,21,9,on_time
T-000350,M-1004,2026-04-18,51876,1,30,24,on_time
T-000920,M-1010,2026-04-18,23290,1,30,26,on_time
T-000921,M-1010,2026-04-18,19641,1,30,18,on_time
T-001126,M-1012,2026-04-18,23364,1,30,26,on_time
T-001419,M-1016,2026-04-18,32464,0,,,cash
T-002680,M-1034,2026-04-18,21476,1,30,18,on_time
T-002893,M-1038,2026-04-18,39056,1,30,22,on_time
T-003002,M-1040,2026-04-18,22067,1,30,25,on_time
T-003477,M-1047,2026-04-18,3328,1,21,,default
T-003683,M-1050,2026-04-18,13838,1,21,,default
T-000163,M-1002,2026-04-19,23168,0,,,cash
T-001027,M-1011,2026-04-19,18755,0,,,cash
T-001121,M-1012,2026-04-19,24669,1,30,25,on_time
T-001280,M-1014,2026-04-19,17949,1,30,20,on_time
T-001492,M-1017,2026-04-19,11561,1,30,26,on_time
T-001925,M-1023,2026-04-19,21761,1,30,19,on_time
T-002844,M-1037,2026-04-19,43407,1,30,20,on_time
T-003474,M-1047,2026-04-19,6710,1,21,19,on_time
T-003478,M-1047,2026-04-19,6883,1,21,28,late
T-003858,M-1053,2026-04-19,1855,0,,,cash
T-000064,M-1001,2026-04-20,27676,1,30,25,on_time
T-000725,M-1008,2026-04-20,32091,0,,,cash
T-001924,M-1023,2026-04-20,28511,1,30,23,on_time
T-002007,M-1024,2026-04-20,22628,1,30,16,on_time
T-003003,M-1040,2026-04-20,31281,1,30,15,on_time
T-003549,M-1048,2026-04-20,13143,0,,,cash
T-003970,M-1055,2026-04-20,3695,1,21,,default
T-000257,M-1003,2026-04-21,51280,1,30,19,on_time
T-000552,M-1006,2026-04-21,25680,1,30,17,on_time
T-000636,M-1007,2026-04-21,25162,0,,,cash
T-001560,M-1018,2026-04-21,30399,1,30,26,on_time
T-002366,M-1029,2026-04-21,22736,0,,,cash
T-002628,M-1033,2026-04-21,33957,1,30,22,on_time
T-003110,M-1042,2026-04-21,27225,1,30,28,on_time
T-003177,M-1043,2026-04-21,11495,0,,,cash
T-003251,M-1044,2026-04-21,3122,1,21,27,late
T-003332,M-1045,2026-04-21,28505,1,21,31,late
T-003406,M-1046,2026-04-21,4254,1,21,39,late
T-003973,M-1055,2026-04-21,6744,1,21,11,on_time
T-000059,M-1001,2026-04-22,45735,1,30,20,on_time
T-000263,M-1003,2026-04-22,42021,1,30,19,on_time
T-000452,M-1005,2026-04-22,18905,1,30,27,on_time
T-000454,M-1005,2026-04-22,24856,1,30,19,on_time
T-001022,M-1011,2026-04-22,84039,1,30,18,on_time
T-001278,M-1014,2026-04-22,20927,1,30,16,on_time
T-003111,M-1042,2026-04-22,18877,1,30,20,on_time
T-003802,M-1052,2026-04-22,2964,1,21,26,late
T-003969,M-1055,2026-04-22,3980,1,21,39,late
T-000258,M-1003,2026-04-23,35379,1,30,28,on_time
T-000264,M-1003,2026-04-23,24006,0,,,cash
T-000451,M-1005,2026-04-23,23557,1,30,26,on_time
T-001422,M-1016,2026-04-23,34354,0,,,cash
T-001494,M-1017,2026-04-23,11948,1,30,27,on_time
T-001781,M-1021,2026-04-23,18593,0,,,cash
T-002892,M-1038,2026-04-23,39112,1,30,29,on_time
T-003249,M-1044,2026-04-23,34530,0,,,cash
T-003479,M-1047,2026-04-23,7663,1,21,43,late
T-003615,M-1049,2026-04-23,12218,1,21,13,on_time
T-003754,M-1051,2026-04-23,5278,1,21,6,on_time
T-000256,M-1003,2026-04-24,43919,1,30,28,on_time
T-000637,M-1007,2026-04-24,33225,1,30,26,on_time
T-002569,M-1032,2026-04-24,14839,0,,,cash
T-003401,M-1046,2026-04-24,1718,1,21,13,on_time
T-004026,M-1056,2026-04-24,7686,1,21,40,late
T-000733,M-1008,2026-04-25,26031,1,30,30,on_time
T-000829,M-1009,2026-04-25,62526,1,30,29,on_time
T-001358,M-1015,2026-04-25,7777,1,30,26,on_time
T-002143,M-1026,2026-04-25,24542,1,30,28,on_time
T-002218,M-1027,2026-04-25,24705,1,30,26,on_time
T-002570,M-1032,2026-04-25,20126,1,30,22,on_time
T-002732,M-1035,2026-04-25,9593,1,30,17,on_time
T-003055,M-1041,2026-04-25,18715,1,30,27,on_time
T-003176,M-1043,2026-04-25,9037,0,,,cash
T-003614,M-1049,2026-04-25,22732,0,,,cash
T-004027,M-1056,2026-04-25,4458,1,21,10,on_time
T-000063,M-1001,2026-04-26,40553,1,30,25,on_time
T-001019,M-1011,2026-04-26,31365,1,30,28,on_time
T-001125,M-1012,2026-04-26,47636,0,,,cash
T-001634,M-1019,2026-04-26,17572,1,30,21,on_time
T-002142,M-1026,2026-04-26,40347,1,30,49,late
T-002216,M-1027,2026-04-26,22068,1,30,30,on_time
T-002439,M-1030,2026-04-26,9016,1,30,20,on_time
T-003250,M-1044,2026-04-26,21184,0,,,cash
T-000058,M-1001,2026-04-27,37572,1,30,22,on_time
T-000260,M-1003,2026-04-27,25419,1,30,26,on_time
T-000262,M-1003,2026-04-27,40306,1,30,24,on_time
T-000351,M-1004,2026-04-27,48657,1,30,25,on_time
T-000549,M-1006,2026-04-27,4690,1,30,30,on_time
T-000826,M-1009,2026-04-27,58079,1,30,19,on_time
T-000830,M-1009,2026-04-27,69704,0,,,cash
T-001021,M-1011,2026-04-27,39082,1,30,25,on_time
T-001421,M-1016,2026-04-27,13148,1,30,22,on_time
T-001496,M-1017,2026-04-27,22333,1,30,23,on_time
T-001562,M-1018,2026-04-27,45192,0,,,cash
T-001636,M-1019,2026-04-27,20175,1,30,25,on_time
T-001785,M-1021,2026-04-27,14316,1,30,15,on_time
T-001851,M-1022,2026-04-27,20044,0,,,cash
T-002295,M-1028,2026-04-27,40596,1,30,33,late
T-002512,M-1031,2026-04-27,14187,0,,,cash
T-003472,M-1047,2026-04-27,5151,0,,,cash
T-003548,M-1048,2026-04-27,27083,1,21,7,on_time
T-003684,M-1050,2026-04-27,7605,1,21,20,on_time
T-003753,M-1051,2026-04-27,555,0,,,cash
T-000362,M-1004,2026-04-28,58925,0,,,cash
T-000364,M-1004,2026-04-28,46921,1,30,24,on_time
T-000458,M-1005,2026-04-28,9888,0,,,cash
T-000648,M-1007,2026-04-28,53240,0,,,cash
T-000735,M-1008,2026-04-28,16555,1,30,21,on_time
T-002081,M-1025,2026-04-28,14390,1,30,21,on_time
T-002220,M-1027,2026-04-28,31889,1,30,27,on_time
T-002222,M-1027,2026-04-28,35440,1,30,30,on_time
T-002297,M-1028,2026-04-28,10579,1,30,19,on_time
T-003978,M-1055,2026-04-28,5778,0,,,cash
T-004031,M-1056,2026-04-28,2113,1,21,,default
T-000358,M-1004,2026-04-29,67659,1,30,29,on_time
T-000936,M-1010,2026-04-29,31315,1,30,24,on_time
T-001367,M-1015,2026-04-29,34424,1,30,30,on_time
T-001501,M-1017,2026-04-29,21889,1,30,26,on_time
T-001647,M-1019,2026-04-29,7746,1,30,21,on_time
T-001857,M-1022,2026-04-29,11259,1,30,26,on_time
T-002304,M-1028,2026-04-29,9194,1,30,25,on_time
T-003334,M-1045,2026-04-29,13680,1,21,21,on_time
T-003690,M-1050,2026-04-29,8963,1,21,44,late
T-003755,M-1051,2026-04-29,5930,1,21,16,on_time
T-003756,M-1051,2026-04-29,3225,0,,,cash
T-001366,M-1015,2026-04-30,13463,1,30,22,on_time
T-001566,M-1018,2026-04-30,30308,1,30,26,on_time
T-001646,M-1019,2026-04-30,7079,0,,,cash
T-001787,M-1021,2026-04-30,4898,1,30,16,on_time
T-002373,M-1029,2026-04-30,6689,1,30,24,on_time
T-002377,M-1029,2026-04-30,19633,1,30,20,on_time
T-002515,M-1031,2026-04-30,22299,1,30,26,on_time
T-003253,M-1044,2026-04-30,15339,1,21,6,on_time
T-003259,M-1044,2026-04-30,13243,1,21,19,on_time
T-003811,M-1052,2026-04-30,1707,1,21,,default
T-004033,M-1056,2026-04-30,4023,1,21,24,late
T-000464,M-1005,2026-05-01,11898,1,30,18,on_time
T-000647,M-1007,2026-05-01,37505,1,30,22,on_time
T-001218,M-1013,2026-05-01,12172,1,30,26,on_time
T-002079,M-1025,2026-05-01,10938,1,30,15,on_time
T-002948,M-1039,2026-05-01,28855,0,,,cash
T-003116,M-1042,2026-05-01,41158,1,30,18,on_time
T-003184,M-1043,2026-05-01,20885,1,21,13,on_time
T-003554,M-1048,2026-05-01,10599,0,,,cash
T-003555,M-1048,2026-05-01,16785,0,,,cash
T-000462,M-1005,2026-05-02,24749,1,30,27,on_time
T-000558,M-1006,2026-05-02,20166,0,,,cash
T-000833,M-1009,2026-05-02,45935,1,30,17,on_time
T-000933,M-1010,2026-05-02,36534,0,,,cash
T-000935,M-1010,2026-05-02,23369,1,30,24,on_time
T-001217,M-1013,2026-05-02,8749,1,30,20,on_time
T-001641,M-1019,2026-05-02,11816,0,,,cash
T-001791,M-1021,2026-05-02,15140,0,,,cash
T-002013,M-1024,2026-05-02,10236,1,30,15,on_time
T-002076,M-1025,2026-05-02,14136,0,,,cash
T-002149,M-1026,2026-05-02,24079,1,30,25,on_time
T-002632,M-1033,2026-05-02,30496,0,,,cash
T-002684,M-1034,2026-05-02,24000,0,,,cash
T-002896,M-1038,2026-05-02,33727,1,30,16,on_time
T-003058,M-1041,2026-05-02,28898,1,30,24,on_time
T-000742,M-1008,2026-05-03,44714,1,30,27,on_time
T-000836,M-1009,2026-05-03,65942,0,,,cash
T-001215,M-1013,2026-05-03,11862,1,30,20,on_time
T-001219,M-1013,2026-05-03,4936,1,30,51,late
T-001429,M-1016,2026-05-03,21496,0,,,cash
T-001721,M-1020,2026-05-03,11874,1,30,28,on_time
T-002221,M-1027,2026-05-03,23616,0,,,cash
T-002371,M-1029,2026-05-03,20051,0,,,cash
T-002372,M-1029,2026-05-03,10566,1,30,20,on_time
T-002451,M-1030,2026-05-03,23029,1,30,16,on_time
T-002452,M-1030,2026-05-03,8067,1,30,17,on_time
T-002575,M-1032,2026-05-03,6740,1,30,24,on_time
T-002685,M-1034,2026-05-03,30661,0,,,cash
T-003255,M-1044,2026-05-03,17835,0,,,cash
T-003256,M-1044,2026-05-03,14143,0,,,cash
T-003687,M-1050,2026-05-03,6395,0,,,cash
T-003921,M-1054,2026-05-03,6158,1,21,31,late
T-000072,M-1001,2026-05-04,45420,1,30,25,on_time
T-000266,M-1003,2026-05-04,51024,1,30,28,on_time
T-000555,M-1006,2026-05-04,18230,0,,,cash
T-000739,M-1008,2026-05-04,33273,1,30,28,on_time
T-000740,M-1008,2026-05-04,27392,0,,,cash
T-002299,M-1028,2026-05-04,13864,1,30,19,on_time
T-002516,M-1031,2026-05-04,17268,0,,,cash
T-003409,M-1046,2026-05-04,6794,1,21,9,on_time
T-003975,M-1055,2026-05-04,4471,1,21,18,on_time
T-000644,M-1007,2026-05-05,45646,1,30,17,on_time
T-000931,M-1010,2026-05-05,8528,1,30,18,on_time
T-001127,M-1012,2026-05-05,26565,0,,,cash
T-001283,M-1014,2026-05-05,12855,0,,,cash
T-001363,M-1015,2026-05-05,43575,1,30,22,on_time
T-003182,M-1043,2026-05-05,13380,1,21,17,on_time
T-000361,M-1004,2026-05-06,47228,1,30,30,on_time
T-001285,M-1014,2026-05-06,9886,1,30,40,late
T-001790,M-1021,2026-05-06,24073,1,30,55,late
T-001858,M-1022,2026-05-06,9898,1,30,22,on_time
T-002376,M-1029,2026-05-06,11461,1,30,28,on_time
T-002577,M-1032,2026-05-06,14330,1,30,22,on_time
T-002897,M-1038,2026-05-06,21058,0,,,cash
T-000067,M-1001,2026-05-07,24707,1,30,29,on_time
T-000174,M-1002,2026-05-07,23061,1,30,19,on_time
T-000554,M-1006,2026-05-07,27984,0,,,cash
T-000649,M-1007,2026-05-07,42299,1,30,15,on_time
T-000832,M-1009,2026-05-07,83164,0,,,cash
T-001364,M-1015,2026-05-07,57116,0,,,cash
T-002077,M-1025,2026-05-07,6811,0,,,cash
T-002224,M-1027,2026-05-07,32227,1,30,18,on_time
T-002300,M-1028,2026-05-07,23171,1,30,19,on_time
T-002898,M-1038,2026-05-07,16994,0,,,cash
T-003114,M-1042,2026-05-07,37643,1,30,17,on_time
T-003258,M-1044,2026-05-07,10999,1,21,8,on_time
T-003341,M-1045,2026-05-07,8676,0,,,cash
T-003408,M-1046,2026-05-07,6972,1,21,44,late
T-003486,M-1047,2026-05-07,6696,1,21,13,on_time
T-003758,M-1051,2026-05-07,2365,1,21,40,late
T-000743,M-1008,2026-05-08,31845,0,,,cash
T-000837,M-1009,2026-05-08,94959,1,30,20,on_time
T-001715,M-1020,2026-05-08,4671,1,30,24,on_time
T-001788,M-1021,2026-05-08,32078,0,,,cash
T-002150,M-1026,2026-05-08,22497,1,30,27,on_time
T-002792,M-1036,2026-05-08,27245,1,30,29,on_time
T-003005,M-1040,2026-05-08,47978,0,,,cash
T-003337,M-1045,2026-05-08,2987,1,21,12,on_time
T-003410,M-1046,2026-05-08,8055,1,21,14,on_time
T-000457,M-1005,2026-05-09,30082,0,,,cash
T-001130,M-1012,2026-05-09,39619,0,,,cash
T-001931,M-1023,2026-05-09,18833,1,30,43,late
T-002682,M-1034,2026-05-09,27623,1,30,30,on_time
T-002736,M-1035,2026-05-09,3326,1,30,24,on_time
T-003007,M-1040,2026-05-09,44410,1,30,26,on_time
T-003059,M-1041,2026-05-09,46618,0,,,cash
T-003117,M-1042,2026-05-09,3104,1,30,17,on_time
T-003339,M-1045,2026-05-09,10496,1,21,37,late
T-003484,M-1047,2026-05-09,5873,0,,,cash
T-003617,M-1049,2026-05-09,19734,1,21,9,on_time
T-000268,M-1003,2026-05-10,22937,1,30,23,on_time
T-000563,M-1006,2026-05-10,19188,1,30,20,on_time
T-000932,M-1010,2026-05-10,22584,1,30,16,on_time
T-001029,M-1011,2026-05-10,54307,1,30,30,on_time
T-001932,M-1023,2026-05-10,28913,0,,,cash
T-002078,M-1025,2026-05-10,5493,1,30,30,on_time
T-002447,M-1030,2026-05-10,13206,1,30,16,on_time
T-002576,M-1032,2026-05-10,7999,1,30,26,on_time
T-002849,M-1037,2026-05-10,24842,0,,,cash
T-003976,M-1055,2026-05-10,4086,0,,,cash
T-000069,M-1001,2026-05-11,13806,1,30,20,on_time
T-000172,M-1002,2026-05-11,29832,0,,,cash
T-000271,M-1003,2026-05-11,7310,1,30,25,on_time
T-001136,M-1012,2026-05-11,48322,0,,,cash
T-001565,M-1018,2026-05-11,20102,1,30,30,on_time
T-002219,M-1027,2026-05-11,29423,0,,,cash
T-002303,M-1028,2026-05-11,21201,0,,,cash
T-002899,M-1038,2026-05-11,14904,1,30,28,on_time
T-003485,M-1047,2026-05-11,8676,1,21,24,late
T-003689,M-1050,2026-05-11,8184,1,21,20,on_time
T-004030,M-1056,2026-05-11,3765,1,21,13,on_time
T-000359,M-1004,2026-05-12,75703,1,30,25,on_time
T-000737,M-1008,2026-05-12,19411,1,30,18,on_time
T-000934,M-1010,2026-05-12,20893,1,30,29,on_time
T-001425,M-1016,2026-05-12,17152,1,30,26,on_time
T-002298,M-1028,2026-05-12,12553,1,30,16,on_time
T-002374,M-1029,2026-05-12,21344,0,,,cash
T-002513,M-1031,2026-05-12,14766,1,30,17,on_time
T-002851,M-1037,2026-05-12,7298,0,,,cash
T-002949,M-1039,2026-05-12,20182,1,30,39,late
T-003185,M-1043,2026-05-12,19350,0,,,cash
T-003254,M-1044,2026-05-12,16503,0,,,cash
T-003336,M-1045,2026-05-12,15499,0,,,cash
T-003480,M-1047,2026-05-12,9279,0,,,cash
T-003483,M-1047,2026-05-12,12602,0,,,cash
T-000070,M-1001,2026-05-13,37695,1,30,29,on_time
T-000173,M-1002,2026-05-13,34229,0,,,cash
T-000460,M-1005,2026-05-13,27029,1,30,18,on_time
T-000559,M-1006,2026-05-13,7738,1,30,29,on_time
T-001034,M-1011,2026-05-13,66258,0,,,cash
T-001129,M-1012,2026-05-13,45439,0,,,cash
T-001131,M-1012,2026-05-13,47577,1,30,30,on_time
T-001427,M-1016,2026-05-13,15591,0,,,cash
T-001716,M-1020,2026-05-13,11346,1,30,30,on_time
T-002790,M-1036,2026-05-13,25409,0,,,cash
T-002850,M-1037,2026-05-13,8057,1,30,27,on_time
T-003618,M-1049,2026-05-13,23094,0,,,cash
T-000066,M-1001,2026-05-14,46705,1,30,24,on_time
T-000176,M-1002,2026-05-14,34158,0,,,cash
T-001030,M-1011,2026-05-14,69884,1,30,15,on_time
T-001033,M-1011,2026-05-14,68267,1,30,24,on_time
T-001134,M-1012,2026-05-14,37757,1,30,16,on_time
T-001568,M-1018,2026-05-14,21515,0,,,cash
T-001719,M-1020,2026-05-14,7891,1,30,38,late
T-001720,M-1020,2026-05-14,13348,1,30,43,late
T-001722,M-1020,2026-05-14,9536,1,30,44,late
T-001933,M-1023,2026-05-14,18289,1,30,15,on_time
T-002449,M-1030,2026-05-14,7842,0,,,cash
T-003340,M-1045,2026-05-14,11349,1,21,19,on_time
T-003688,M-1050,2026-05-14,9785,1,21,43,late
T-000267,M-1003,2026-05-15,43797,1,30,28,on_time
T-001032,M-1011,2026-05-15,57506,0,,,cash
T-001133,M-1012,2026-05-15,18902,1,30,17,on_time
T-001216,M-1013,2026-05-15,12176,0,,,cash
T-001789,M-1021,2026-05-15,25463,1,30,27,on_time
T-002083,M-1025,2026-05-15,11220,1,30,21,on_time
T-002302,M-1028,2026-05-15,23105,1,30,17,on_time
T-002446,M-1030,2026-05-15,7632,1,30,30,on_time
T-002950,M-1039,2026-05-15,22373,0,,,cash
T-003006,M-1040,2026-05-15,21818,1,30,49,late
T-003412,M-1046,2026-05-15,7494,1,21,17,on_time
T-003860,M-1053,2026-05-15,4592,0,,,cash
T-003919,M-1054,2026-05-15,6380,0,,,cash
T-000463,M-1005,2026-05-16,14233,1,30,18,on_time
T-000556,M-1006,2026-05-16,17107,0,,,cash
T-000646,M-1007,2026-05-16,34587,1,30,27,on_time
T-001028,M-1011,2026-05-16,64226,1,30,20,on_time
T-001031,M-1011,2026-05-16,50320,0,,,cash
T-001213,M-1013,2026-05-16,13925,0,,,cash
T-001645,M-1019,2026-05-16,10179,1,30,27,on_time
T-001936,M-1023,2026-05-16,5708,1,30,15,on_time
T-002148,M-1026,2026-05-16,31533,0,,,cash
T-002450,M-1030,2026-05-16,15049,1,30,24,on_time
T-002951,M-1039,2026-05-16,21287,0,,,cash
T-003407,M-1046,2026-05-16,8754,1,21,15,on_time
T-003553,M-1048,2026-05-16,23533,0,,,cash
T-000744,M-1008,2026-05-17,20497,1,30,16,on_time
T-000835,M-1009,2026-05-17,72620,1,30,19,on_time
T-001424,M-1016,2026-05-17,7792,1,30,15,on_time
T-001430,M-1016,2026-05-17,12514,1,30,42,late
T-001569,M-1018,2026-05-17,43925,1,30,29,on_time
T-001644,M-1019,2026-05-17,5859,0,,,cash
T-001718,M-1020,2026-05-17,16133,0,,,cash
T-002147,M-1026,2026-05-17,20106,0,,,cash
T-002737,M-1035,2026-05-17,9192,1,30,28,on_time
T-002789,M-1036,2026-05-17,26942,0,,,cash
T-002895,M-1038,2026-05-17,20525,1,30,19,on_time
T-003861,M-1053,2026-05-17,2561,0,,,cash
T-000177,M-1002,2026-05-18,36478,0,,,cash
T-000461,M-1005,2026-05-18,25476,1,30,28,on_time
T-000562,M-1006,2026-05-18,22447,1,30,24,on_time
T-001282,M-1014,2026-05-18,25350,1,30,25,on_time
T-001717,M-1020,2026-05-18,7835,0,,,cash
T-001934,M-1023,2026-05-18,9524,1,30,27,on_time
T-002578,M-1032,2026-05-18,10108,1,30,16,on_time
T-002630,M-1033,2026-05-18,45314,1,30,22,on_time
T-002735,M-1035,2026-05-18,15027,1,30,43,late
T-002739,M-1035,2026-05-18,3679,1,30,29,on_time
T-003181,M-1043,2026-05-18,15774,1,21,6,on_time
T-003183,M-1043,2026-05-18,16972,1,21,,default
T-003557,M-1048,2026-05-18,16303,0,,,cash
T-003974,M-1055,2026-05-18,3181,0,,,cash
T-000459,M-1005,2026-05-19,27995,1,30,27,on_time
T-000557,M-1006,2026-05-19,18560,0,,,cash
T-000561,M-1006,2026-05-19,18195,1,30,15,on_time
T-000645,M-1007,2026-05-19,62375,1,30,30,on_time
T-000930,M-1010,2026-05-19,300,0,,,cash
T-001128,M-1012,2026-05-19,24186,1,30,44,late
T-001500,M-1017,2026-05-19,27804,1,30,50,late
T-001503,M-1017,2026-05-19,27525,0,,,cash
T-001567,M-1018,2026-05-19,30192,1,30,28,on_time
T-001937,M-1023,2026-05-19,3122,0,,,cash
T-002010,M-1024,2026-05-19,45104,0,,,cash
T-002738,M-1035,2026-05-19,300,0,,,cash
T-003118,M-1042,2026-05-19,20549,1,30,15,on_time
T-003920,M-1054,2026-05-19,7826,0,,,cash
T-000169,M-1002,2026-05-20,28239,1,30,17,on_time
T-000171,M-1002,2026-05-20,39551,1,30,27,on_time
T-000272,M-1003,2026-05-20,27661,1,30,20,on_time
T-001286,M-1014,2026-05-20,26537,1,30,26,on_time
T-001930,M-1023,2026-05-20,14056,1,30,22,on_time
T-002514,M-1031,2026-05-20,18550,1,30,24,on_time
T-002631,M-1033,2026-05-20,30167,1,30,28,on_time
T-002734,M-1035,2026-05-20,18096,1,30,30,on_time
T-003481,M-1047,2026-05-20,3559,1,21,19,on_time
T-003619,M-1049,2026-05-20,22050,1,21,8,on_time
T-003621,M-1049,2026-05-20,19965,1,21,26,late
T-003806,M-1052,2026-05-20,5027,1,21,28,late
T-003862,M-1053,2026-05-20,3344,1,21,44,late
T-000170,M-1002,2026-05-21,38747,0,,,cash
T-000265,M-1003,2026-05-21,56280,1,30,30,on_time
T-000363,M-1004,2026-05-21,55672,1,30,19,on_time
T-000741,M-1008,2026-05-21,26638,1,30,29,on_time
T-000834,M-1009,2026-05-21,33101,0,,,cash
T-001132,M-1012,2026-05-21,30387,1,30,16,on_time
T-002080,M-1025,2026-05-21,2469,0,,,cash
T-002448,M-1030,2026-05-21,6768,0,,,cash
T-002791,M-1036,2026-05-21,37499,1,30,21,on_time
T-003335,M-1045,2026-05-21,11415,1,21,42,late
T-003411,M-1046,2026-05-21,8894,1,21,11,on_time
T-003620,M-1049,2026-05-21,14004,0,,,cash
T-003808,M-1052,2026-05-21,5045,1,21,26,late
T-003809,M-1052,2026-05-21,2728,1,21,44,late
T-003859,M-1053,2026-05-21,4178,1,21,31,late
T-000360,M-1004,2026-05-22,20954,1,30,20,on_time
T-000456,M-1005,2026-05-22,23480,1,30,21,on_time
T-001365,M-1015,2026-05-22,25123,1,30,29,on_time
T-001426,M-1016,2026-05-22,14668,1,30,38,late
T-001431,M-1016,2026-05-22,5790,0,,,cash
T-001499,M-1017,2026-05-22,23747,1,30,37,late
T-001643,M-1019,2026-05-22,7667,1,30,25,on_time
T-002011,M-1024,2026-05-22,25908,1,30,40,late
T-002518,M-1031,2026-05-22,23194,1,30,36,late
T-002683,M-1034,2026-05-22,23774,1,30,18,on_time
T-002947,M-1039,2026-05-22,25246,1,30,28,on_time
T-003252,M-1044,2026-05-22,14863,0,,,cash
T-003691,M-1050,2026-05-22,4234,0,,,cash
T-003757,M-1051,2026-05-22,5288,1,21,,default
T-003807,M-1052,2026-05-22,4418,0,,,cash
T-004029,M-1056,2026-05-22,1814,0,,,cash
T-000071,M-1001,2026-05-23,25061,1,30,29,on_time
T-000736,M-1008,2026-05-23,35160,0,,,cash
T-001642,M-1019,2026-05-23,20062,1,30,49,late
T-001935,M-1023,2026-05-23,6659,1,30,27,on_time
T-002146,M-1026,2026-05-23,19241,1,30,24,on_time
T-002151,M-1026,2026-05-23,6989,1,30,19,on_time
T-002453,M-1030,2026-05-23,15058,0,,,cash
T-002517,M-1031,2026-05-23,11007,0,,,cash
T-003060,M-1041,2026-05-23,29289,1,30,16,on_time
T-000175,M-1002,2026-05-24,50266,1,30,18,on_time
T-000270,M-1003,2026-05-24,35439,1,30,22,on_time
T-000560,M-1006,2026-05-24,14871,1,30,18,on_time
T-000738,M-1008,2026-05-24,40961,0,,,cash
T-001214,M-1013,2026-05-24,6862,1,30,43,late
T-001284,M-1014,2026-05-24,12481,1,30,25,on_time
T-002223,M-1027,2026-05-24,23318,0,,,cash
T-002574,M-1032,2026-05-24,11252,0,,,cash
T-002847,M-1037,2026-05-24,17537,1,30,27,on_time
T-003482,M-1047,2026-05-24,10184,0,,,cash
T-003979,M-1055,2026-05-24,2214,1,21,11,on_time
T-004032,M-1056,2026-05-24,708,1,21,12,on_time
T-000068,M-1001,2026-05-25,26604,1,30,20,on_time
T-001428,M-1016,2026-05-25,16104,0,,,cash
T-001859,M-1022,2026-05-25,5344,0,,,cash
T-002301,M-1028,2026-05-25,23659,0,,,cash
T-002375,M-1029,2026-05-25,8793,1,30,17,on_time
T-003692,M-1050,2026-05-25,9983,1,21,42,late
T-003977,M-1055,2026-05-25,5975,1,21,15,on_time
T-001502,M-1017,2026-05-26,25224,1,30,17,on_time
T-001855,M-1022,2026-05-26,7681,1,30,43,late
T-001856,M-1022,2026-05-26,11127,0,,,cash
T-002082,M-1025,2026-05-26,13540,1,30,25,on_time
T-003061,M-1041,2026-05-26,21156,1,30,27,on_time
T-003115,M-1042,2026-05-26,10891,1,30,15,on_time
T-003338,M-1045,2026-05-26,12479,0,,,cash
T-003556,M-1048,2026-05-26,19094,0,,,cash
T-003810,M-1052,2026-05-26,5385,1,21,44,late
T-003922,M-1054,2026-05-26,3386,1,21,30,late
T-000269,M-1003,2026-05-27,54316,1,30,28,on_time
T-000929,M-1010,2026-05-27,29989,1,30,21,on_time
T-001135,M-1012,2026-05-27,23463,1,30,30,on_time
T-002012,M-1024,2026-05-27,19211,1,30,24,on_time
T-002579,M-1032,2026-05-27,6480,1,30,22,on_time
T-002681,M-1034,2026-05-27,18233,0,,,cash
T-002848,M-1037,2026-05-27,26473,1,30,25,on_time
T-003257,M-1044,2026-05-27,9983,0,,,cash
T-000074,M-1001,2026-05-28,34400,1,30,19,on_time
T-000079,M-1001,2026-05-28,19194,1,30,28,on_time
T-000273,M-1003,2026-05-28,68453,1,30,18,on_time
T-000471,M-1005,2026-05-28,26495,0,,,cash
T-000745,M-1008,2026-05-28,11045,0,,,cash
T-001290,M-1014,2026-05-28,6810,0,,,cash
T-002226,M-1027,2026-05-28,25145,1,30,26,on_time
T-002232,M-1027,2026-05-28,24029,0,,,cash
T-002378,M-1029,2026-05-28,7114,1,30,23,on_time
T-002954,M-1039,2026-05-28,25733,1,30,16,on_time
T-003062,M-1041,2026-05-28,27882,1,30,52,late
T-003561,M-1048,2026-05-28,6823,1,21,36,late
T-003564,M-1048,2026-05-28,6518,1,21,41,late
T-003864,M-1053,2026-05-28,2190,1,21,16,on_time
T-000183,M-1002,2026-05-29,38683,1,30,21,on_time
T-000275,M-1003,2026-05-29,46317,1,30,21,on_time
T-000276,M-1003,2026-05-29,40475,1,30,23,on_time
T-000373,M-1004,2026-05-29,22052,1,30,22,on_time
T-000468,M-1005,2026-05-29,15016,0,,,cash
T-000470,M-1005,2026-05-29,20634,1,30,24,on_time
T-000572,M-1006,2026-05-29,18786,0,,,cash
T-000944,M-1010,2026-05-29,31467,1,30,15,on_time
T-001223,M-1013,2026-05-29,19243,1,30,21,on_time
T-001287,M-1014,2026-05-29,9371,1,30,23,on_time
T-001433,M-1016,2026-05-29,24630,1,30,27,on_time
T-001650,M-1019,2026-05-29,8849,1,30,55,late
T-001795,M-1021,2026-05-29,50890,1,30,20,on_time
T-002306,M-1028,2026-05-29,24925,1,30,25,on_time
T-002519,M-1031,2026-05-29,24701,1,30,39,late
T-002522,M-1031,2026-05-29,29854,1,30,18,on_time
T-002740,M-1035,2026-05-29,35401,0,,,cash
T-002852,M-1037,2026-05-29,34385,1,30,49,late
T-004035,M-1056,2026-05-29,2205,1,21,19,on_time
T-000073,M-1001,2026-05-30,20436,1,30,22,on_time
T-000369,M-1004,2026-05-30,46586,1,30,23,on_time
T-000843,M-1009,2026-05-30,52395,1,30,26,on_time
T-001506,M-1017,2026-05-30,31012,0,,,cash
T-001862,M-1022,2026-05-30,8905,1,30,15,on_time
T-002456,M-1030,2026-05-30,18923,1,30,15,on_time
T-003063,M-1041,2026-05-30,13930,1,30,20,on_time
T-003560,M-1048,2026-05-30,4177,1,21,10,on_time
T-000465,M-1005,2026-05-31,15507,1,30,19,on_time
T-000564,M-1006,2026-05-31,17450,1,30,24,on_time
T-000938,M-1010,2026-05-31,24556,1,30,26,on_time
T-001508,M-1017,2026-05-31,17929,1,30,20,on_time
T-002159,M-1026,2026-05-31,19710,0,,,cash
T-003120,M-1042,2026-05-31,28533,0,,,cash
T-003563,M-1048,2026-05-31,5569,0,,,cash
T-003983,M-1055,2026-05-31,3804,1,21,30,late
T-003984,M-1055,2026-05-31,2588,1,21,17,on_time
T-000080,M-1001,2026-06-01,51242,1,30,16,on_time
T-000654,M-1007,2026-06-01,19976,1,30,23,on_time
T-000840,M-1009,2026-06-01,52210,0,,,cash
T-000937,M-1010,2026-06-01,18400,0,,,cash
T-001654,M-1019,2026-06-01,9589,1,30,16,on_time
T-002636,M-1033,2026-06-01,36106,1,30,22,on_time
T-002686,M-1034,2026-06-01,45702,1,30,23,on_time
T-002794,M-1036,2026-06-01,74492,1,30,16,on_time
T-003759,M-1051,2026-06-01,2958,1,21,20,on_time
T-003924,M-1054,2026-06-01,5174,1,21,16,on_time
T-004037,M-1056,2026-06-01,2608,1,21,36,late
T-001144,M-1012,2026-06-02,23104,1,30,29,on_time
T-001572,M-1018,2026-06-02,41437,0,,,cash
T-001655,M-1019,2026-06-02,6329,1,30,17,on_time
T-002520,M-1031,2026-06-02,26781,0,,,cash
T-002635,M-1033,2026-06-02,18326,0,,,cash
T-002795,M-1036,2026-06-02,33717,1,30,20,on_time
T-003009,M-1040,2026-06-02,28559,1,30,44,late
T-003119,M-1042,2026-06-02,25397,1,30,29,on_time
T-003264,M-1044,2026-06-02,19664,1,21,16,on_time
T-003762,M-1051,2026-06-02,2892,1,21,34,late
T-004038,M-1056,2026-06-02,2035,1,21,21,on_time
T-000466,M-1005,2026-06-03,15400,1,30,16,on_time
T-000568,M-1006,2026-06-03,21602,1,30,19,on_time
T-000749,M-1008,2026-06-03,37115,1,30,22,on_time
T-001370,M-1015,2026-06-03,36063,0,,,cash
T-001792,M-1021,2026-06-03,47533,0,,,cash
T-002016,M-1024,2026-06-03,11446,0,,,cash
T-002228,M-1027,2026-06-03,12776,1,30,25,on_time
T-002309,M-1028,2026-06-03,34378,1,30,18,on_time
T-002903,M-1038,2026-06-03,22825,1,30,15,on_time
T-003415,M-1046,2026-06-03,13657,1,21,19,on_time
T-003416,M-1046,2026-06-03,15495,0,,,cash
T-003558,M-1048,2026-06-03,8490,1,21,17,on_time
T-003985,M-1055,2026-06-03,2366,1,21,34,late
T-000368,M-1004,2026-06-04,53428,1,30,22,on_time
T-000467,M-1005,2026-06-04,30320,0,,,cash
T-000565,M-1006,2026-06-04,27434,1,30,23,on_time
T-000570,M-1006,2026-06-04,22404,1,30,20,on_time
T-000839,M-1009,2026-06-04,32316,1,30,17,on_time
T-000945,M-1010,2026-06-04,20638,1,30,24,on_time
T-001289,M-1014,2026-06-04,8112,1,30,30,on_time
T-001863,M-1022,2026-06-04,17898,1,30,18,on_time
T-002017,M-1024,2026-06-04,10100,1,30,15,on_time
T-002018,M-1024,2026-06-04,13241,0,,,cash
T-002021,M-1024,2026-06-04,12392,1,30,19,on_time
T-002308,M-1028,2026-06-04,3751,0,,,cash
T-002688,M-1034,2026-06-04,39136,1,30,15,on_time
T-003345,M-1045,2026-06-04,12990,1,21,13,on_time
T-003697,M-1050,2026-06-04,5057,1,21,46,late
T-004036,M-1056,2026-06-04,1830,1,21,38,late
T-000652,M-1007,2026-06-05,46142,0,,,cash
T-000943,M-1010,2026-06-05,23770,1,30,24,on_time
T-001036,M-1011,2026-06-05,72999,1,30,17,on_time
T-001142,M-1012,2026-06-05,38020,1,30,17,on_time
T-001221,M-1013,2026-06-05,18555,1,30,17,on_time
T-001570,M-1018,2026-06-05,34725,1,30,22,on_time
T-002152,M-1026,2026-06-05,19096,1,30,28,on_time
T-002521,M-1031,2026-06-05,30652,1,30,25,on_time
T-003187,M-1043,2026-06-05,19476,1,21,29,late
T-003188,M-1043,2026-06-05,12897,1,21,39,late
T-003413,M-1046,2026-06-05,13389,0,,,cash
T-003863,M-1053,2026-06-05,1049,0,,,cash
T-004039,M-1056,2026-06-05,2522,0,,,cash
T-000566,M-1006,2026-06-06,23254,1,30,21,on_time
T-001137,M-1012,2026-06-06,32734,1,30,29,on_time
T-001372,M-1015,2026-06-06,24650,1,30,20,on_time
T-001505,M-1017,2026-06-06,23676,1,30,16,on_time
T-002153,M-1026,2026-06-06,13315,1,30,20,on_time
T-002461,M-1030,2026-06-06,30043,0,,,cash
T-003122,M-1042,2026-06-06,26348,1,30,15,on_time
T-003622,M-1049,2026-06-06,16630,0,,,cash
T-003625,M-1049,2026-06-06,16757,0,,,cash
T-000371,M-1004,2026-06-07,45810,1,30,21,on_time
T-000746,M-1008,2026-06-07,54761,1,30,15,on_time
T-000751,M-1008,2026-06-07,14304,1,30,28,on_time
T-000752,M-1008,2026-06-07,26866,0,,,cash
T-001293,M-1014,2026-06-07,18471,1,30,22,on_time
T-001438,M-1016,2026-06-07,9320,1,30,20,on_time
T-001573,M-1018,2026-06-07,23286,1,30,26,on_time
T-002019,M-1024,2026-06-07,20797,1,30,16,on_time
T-002156,M-1026,2026-06-07,13884,1,30,22,on_time
T-002454,M-1030,2026-06-07,9784,0,,,cash
T-003981,M-1055,2026-06-07,5900,1,21,21,on_time
T-000274,M-1003,2026-06-08,74268,0,,,cash
T-000838,M-1009,2026-06-08,15986,0,,,cash
T-001371,M-1015,2026-06-08,19583,1,30,28,on_time
T-001730,M-1020,2026-06-08,12940,1,30,29,on_time
T-002014,M-1024,2026-06-08,13894,0,,,cash
T-002458,M-1030,2026-06-08,6127,1,30,20,on_time
T-002633,M-1033,2026-06-08,19186,0,,,cash
T-003123,M-1042,2026-06-08,23327,0,,,cash
T-003867,M-1053,2026-06-08,3249,1,21,,default
T-003923,M-1054,2026-06-08,3798,1,21,43,late
T-000076,M-1001,2026-06-09,17613,0,,,cash
T-000179,M-1002,2026-06-09,33430,1,30,15,on_time
T-000842,M-1009,2026-06-09,48680,1,30,17,on_time
T-001038,M-1011,2026-06-09,48504,0,,,cash
T-001145,M-1012,2026-06-09,42619,0,,,cash
T-001648,M-1019,2026-06-09,9965,0,,,cash
T-002227,M-1027,2026-06-09,20429,1,30,23,on_time
T-002459,M-1030,2026-06-09,8481,1,30,23,on_time
T-002853,M-1037,2026-06-09,33250,1,30,27,on_time
T-003260,M-1044,2026-06-09,18377,1,21,19,on_time
T-003263,M-1044,2026-06-09,21420,0,,,cash
T-003624,M-1049,2026-06-09,18747,0,,,cash
T-003814,M-1052,2026-06-09,4774,1,21,26,late
T-000651,M-1007,2026-06-10,51481,1,30,19,on_time
T-000939,M-1010,2026-06-10,18692,0,,,cash
T-001039,M-1011,2026-06-10,83121,0,,,cash
T-001434,M-1016,2026-06-10,17514,0,,,cash
T-002154,M-1026,2026-06-10,14149,1,30,24,on_time
T-002155,M-1026,2026-06-10,15862,1,30,17,on_time
T-002229,M-1027,2026-06-10,16661,1,30,19,on_time
T-002231,M-1027,2026-06-10,18687,1,30,20,on_time
T-002382,M-1029,2026-06-10,8113,1,30,25,on_time
T-002854,M-1037,2026-06-10,22312,0,,,cash
T-003065,M-1041,2026-06-10,21127,1,30,16,on_time
T-003490,M-1047,2026-06-10,8275,1,21,21,on_time
T-003812,M-1052,2026-06-10,6634,1,21,21,on_time
T-003982,M-1055,2026-06-10,2590,1,21,45,late
T-004034,M-1056,2026-06-10,1749,0,,,cash
T-000278,M-1003,2026-06-11,83101,0,,,cash
T-000567,M-1006,2026-06-11,31764,1,30,24,on_time
T-000653,M-1007,2026-06-11,41851,1,30,30,on_time
T-001040,M-1011,2026-06-11,75257,1,30,23,on_time
T-001141,M-1012,2026-06-11,38796,1,30,29,on_time
T-001224,M-1013,2026-06-11,21012,0,,,cash
T-002085,M-1025,2026-06-11,21194,1,30,26,on_time
T-002305,M-1028,2026-06-11,15520,1,30,23,on_time
T-002901,M-1038,2026-06-11,20228,1,30,18,on_time
T-002904,M-1038,2026-06-11,24105,0,,,cash
T-003491,M-1047,2026-06-11,10890,0,,,cash
T-003865,M-1053,2026-06-11,2070,1,21,30,late
T-003868,M-1053,2026-06-11,2361,1,21,6,on_time
T-000569,M-1006,2026-06-12,18102,1,30,16,on_time
T-000571,M-1006,2026-06-12,31759,0,,,cash
T-000656,M-1007,2026-06-12,40135,1,30,18,on_time
T-000747,M-1008,2026-06-12,25640,1,30,19,on_time
T-001432,M-1016,2026-06-12,5445,1,30,17,on_time
T-001435,M-1016,2026-06-12,13114,0,,,cash
T-001724,M-1020,2026-06-12,16976,0,,,cash
T-003698,M-1050,2026-06-12,9496,0,,,cash
T-003980,M-1055,2026-06-12,4159,1,21,31,late
T-000473,M-1005,2026-06-13,22678,1,30,25,on_time
T-000946,M-1010,2026-06-13,13787,0,,,cash
T-001291,M-1014,2026-06-13,8443,0,,,cash
T-001437,M-1016,2026-06-13,16145,0,,,cash
T-001504,M-1017,2026-06-13,18076,1,30,18,on_time
T-001571,M-1018,2026-06-13,41834,1,30,15,on_time
T-001649,M-1019,2026-06-13,9234,1,30,17,on_time
T-001726,M-1020,2026-06-13,8878,1,30,22,on_time
T-001861,M-1022,2026-06-13,300,1,30,18,on_time
T-001942,M-1023,2026-06-13,33416,1,30,37,late
T-002086,M-1025,2026-06-13,24431,0,,,cash
T-002953,M-1039,2026-06-13,32251,1,30,21,on_time
T-003189,M-1043,2026-06-13,13799,1,21,17,on_time
T-003493,M-1047,2026-06-13,2111,0,,,cash
T-003627,M-1049,2026-06-13,16890,1,21,14,on_time
T-003695,M-1050,2026-06-13,6965,1,21,10,on_time
T-003761,M-1051,2026-06-13,4307,1,21,29,late
T-000469,M-1005,2026-06-14,12062,1,30,20,on_time
T-000650,M-1007,2026-06-14,31960,0,,,cash
T-000940,M-1010,2026-06-14,7766,1,30,17,on_time
T-001439,M-1016,2026-06-14,25536,1,30,19,on_time
T-001725,M-1020,2026-06-14,16147,0,,,cash
T-002225,M-1027,2026-06-14,1388,1,30,34,late
T-002741,M-1035,2026-06-14,15187,1,30,25,on_time
T-002793,M-1036,2026-06-14,58729,0,,,cash
T-002952,M-1039,2026-06-14,53994,1,30,27,on_time
T-003121,M-1042,2026-06-14,27847,0,,,cash
T-003342,M-1045,2026-06-14,22830,0,,,cash
T-003487,M-1047,2026-06-14,3699,1,21,35,late
T-003628,M-1049,2026-06-14,11672,1,21,44,late
T-000748,M-1008,2026-06-15,35452,1,30,16,on_time
T-001723,M-1020,2026-06-15,11149,0,,,cash
T-002307,M-1028,2026-06-15,29122,1,30,21,on_time
T-002455,M-1030,2026-06-15,22160,1,30,27,on_time
T-003492,M-1047,2026-06-15,2793,0,,,cash
T-000181,M-1002,2026-06-16,43898,0,,,cash
T-000750,M-1008,2026-06-16,30986,0,,,cash
T-001037,M-1011,2026-06-16,61355,1,30,15,on_time
T-001222,M-1013,2026-06-16,13140,1,30,28,on_time
T-001369,M-1015,2026-06-16,26726,0,,,cash
T-001727,M-1020,2026-06-16,1467,0,,,cash
T-001728,M-1020,2026-06-16,15010,1,30,18,on_time
T-001939,M-1023,2026-06-16,31390,1,30,46,late
T-001941,M-1023,2026-06-16,28320,1,30,17,on_time
T-002015,M-1024,2026-06-16,15015,1,30,20,on_time
T-002581,M-1032,2026-06-16,27194,1,30,24,on_time
T-000655,M-1007,2026-06-17,39250,1,30,19,on_time
T-001143,M-1012,2026-06-17,41591,0,,,cash
T-001292,M-1014,2026-06-17,9605,1,30,27,on_time
T-001368,M-1015,2026-06-17,32986,0,,,cash
T-001793,M-1021,2026-06-17,28077,1,30,48,late
T-002087,M-1025,2026-06-17,31024,1,30,17,on_time
T-002230,M-1027,2026-06-17,17310,1,30,25,on_time
T-003008,M-1040,2026-06-17,5731,1,30,30,on_time
T-003011,M-1040,2026-06-17,37100,0,,,cash
T-003186,M-1043,2026-06-17,11050,1,21,39,late
T-003693,M-1050,2026-06-17,8167,0,,,cash
T-003760,M-1051,2026-06-17,3374,0,,,cash
T-000372,M-1004,2026-06-18,18198,0,,,cash
T-001220,M-1013,2026-06-18,7812,1,30,30,on_time
T-002084,M-1025,2026-06-18,27340,1,30,22,on_time
T-002383,M-1029,2026-06-18,7134,1,30,15,on_time
T-002457,M-1030,2026-06-18,12079,0,,,cash
T-002855,M-1037,2026-06-18,32442,1,30,43,late
T-003066,M-1041,2026-06-18,19144,1,30,19,on_time
T-003262,M-1044,2026-06-18,23161,1,21,19,on_time
T-003623,M-1049,2026-06-18,8874,0,,,cash
T-000277,M-1003,2026-06-19,82343,1,30,24,on_time
T-001035,M-1011,2026-06-19,69520,0,,,cash
T-001140,M-1012,2026-06-19,27468,0,,,cash
T-001507,M-1017,2026-06-19,32182,1,30,24,on_time
T-001651,M-1019,2026-06-19,9522,0,,,cash
T-001729,M-1020,2026-06-19,12476,0,,,cash
T-001938,M-1023,2026-06-19,20244,1,30,44,late
T-002381,M-1029,2026-06-19,11757,1,30,22,on_time
T-002582,M-1032,2026-06-19,24252,1,30,24,on_time
T-002742,M-1035,2026-06-19,11685,1,30,23,on_time
T-003343,M-1045,2026-06-19,17133,1,21,37,late
T-003562,M-1048,2026-06-19,12203,0,,,cash
T-000077,M-1001,2026-06-20,28430,1,30,17,on_time
T-000472,M-1005,2026-06-20,15742,0,,,cash
T-000753,M-1008,2026-06-20,20762,1,30,16,on_time
T-002020,M-1024,2026-06-20,300,1,30,26,on_time
T-002157,M-1026,2026-06-20,5971,0,,,cash
T-002583,M-1032,2026-06-20,22859,0,,,cash
T-002902,M-1038,2026-06-20,29414,1,30,22,on_time
T-003261,M-1044,2026-06-20,24575,1,21,43,late
T-003489,M-1047,2026-06-20,8498,0,,,cash
T-000180,M-1002,2026-06-21,33856,0,,,cash
T-000365,M-1004,2026-06-21,23625,0,,,cash
T-000844,M-1009,2026-06-21,99576,1,30,28,on_time
T-001041,M-1011,2026-06-21,81289,1,30,23,on_time
T-002379,M-1029,2026-06-21,16934,1,30,38,late
T-003626,M-1049,2026-06-21,4701,1,21,12,on_time
T-000184,M-1002,2026-06-22,453,0,,,cash
T-000186,M-1002,2026-06-22,22814,1,30,22,on_time
T-000370,M-1004,2026-06-22,42374,1,30,15,on_time
T-001139,M-1012,2026-06-22,32403,1,30,26,on_time
T-001288,M-1014,2026-06-22,11678,1,30,30,on_time
T-002634,M-1033,2026-06-22,24480,0,,,cash
T-002900,M-1038,2026-06-22,31458,1,30,18,on_time
T-003694,M-1050,2026-06-22,5172,1,21,17,on_time
T-003813,M-1052,2026-06-22,7997,0,,,cash
T-003925,M-1054,2026-06-22,5921,1,21,37,late
T-000078,M-1001,2026-06-23,38121,1,30,29,on_time
T-000941,M-1010,2026-06-23,16858,0,,,cash
T-001860,M-1022,2026-06-23,12542,0,,,cash
T-002384,M-1029,2026-06-23,22956,1,30,30,on_time
T-002460,M-1030,2026-06-23,18859,1,30,19,on_time
T-003488,M-1047,2026-06-23,9299,0,,,cash
T-000178,M-1002,2026-06-24,33409,1,30,19,on_time
T-000182,M-1002,2026-06-24,43075,0,,,cash
T-000185,M-1002,2026-06-24,20882,1,30,25,on_time
T-000366,M-1004,2026-06-24,27253,1,30,22,on_time
T-000367,M-1004,2026-06-24,17203,1,30,45,late
T-000474,M-1005,2026-06-24,14288,1,30,20,on_time
T-001138,M-1012,2026-06-24,44558,0,,,cash
T-001436,M-1016,2026-06-24,12624,1,30,29,on_time
T-001509,M-1017,2026-06-24,29974,1,30,17,on_time
T-002158,M-1026,2026-06-24,15177,1,30,16,on_time
T-002687,M-1034,2026-06-24,41369,1,30,37,late
T-003010,M-1040,2026-06-24,34292,1,30,25,on_time
T-003344,M-1045,2026-06-24,23879,1,21,15,on_time
T-000075,M-1001,2026-06-25,18185,1,30,29,on_time
T-000845,M-1009,2026-06-25,24261,0,,,cash
T-000942,M-1010,2026-06-25,34085,0,,,cash
T-001652,M-1019,2026-06-25,9288,1,30,29,on_time
T-001653,M-1019,2026-06-25,9121,1,30,19,on_time
T-002380,M-1029,2026-06-25,16765,1,30,21,on_time
T-002580,M-1032,2026-06-25,37458,0,,,cash
T-002743,M-1035,2026-06-25,20730,1,30,20,on_time
T-003012,M-1040,2026-06-25,24966,1,30,18,on_time
T-003013,M-1040,2026-06-25,23926,1,30,24,on_time
T-003064,M-1041,2026-06-25,10734,1,30,24,on_time
T-003414,M-1046,2026-06-25,10798,1,21,41,late
T-003559,M-1048,2026-06-25,15335,1,21,8,on_time
T-003696,M-1050,2026-06-25,4240,1,21,37,late
T-000841,M-1009,2026-06-26,55493,1,30,22,on_time
T-001794,M-1021,2026-06-26,46499,1,30,30,on_time
T-001940,M-1023,2026-06-26,35186,1,30,17,on_time
T-003866,M-1053,2026-06-26,1840,1,21,,default
T-000191,M-1002,2026-06-27,41084,1,30,18,on_time
T-000848,M-1009,2026-06-27,89042,1,30,29,on_time
T-001661,M-1019,2026-06-27,12064,0,,,cash
T-001798,M-1021,2026-06-27,26072,0,,,cash
T-002389,M-1029,2026-06-27,14536,1,30,23,on_time
T-002462,M-1030,2026-06-27,20691,0,,,cash
T-002526,M-1031,2026-06-27,26325,1,30,44,late
T-002798,M-1036,2026-06-27,21631,1,30,41,late
T-003127,M-1042,2026-06-27,29029,1,30,24,on_time
T-000190,M-1002,2026-06-28,41045,1,30,17,on_time
T-000375,M-1004,2026-06-28,71545,1,30,22,on_time
T-000575,M-1006,2026-06-28,27021,1,30,21,on_time
T-001516,M-1017,2026-06-28,24341,1,30,25,on_time
T-001799,M-1021,2026-06-28,9872,1,30,19,on_time
T-002466,M-1030,2026-06-28,23083,1,30,16,on_time
T-003268,M-1044,2026-06-28,12479,1,21,17,on_time
T-003424,M-1046,2026-06-28,5206,0,,,cash
T-003701,M-1050,2026-06-28,7463,0,,,cash
T-003763,M-1051,2026-06-28,5048,1,21,9,on_time
T-004056,M-1060,2026-06-28,19941,0,,,cash
T-000283,M-1003,2026-06-29,90187,1,30,19,on_time
T-000952,M-1010,2026-06-29,28369,0,,,cash
T-000953,M-1010,2026-06-29,43890,1,30,20,on_time
T-001803,M-1021,2026-06-29,7661,0,,,cash
T-002311,M-1028,2026-06-29,41678,1,30,24,on_time
T-002689,M-1034,2026-06-29,24487,0,,,cash
T-003190,M-1043,2026-06-29,12052,1,21,16,on_time
T-003423,M-1046,2026-06-29,5121,1,21,29,late
T-003567,M-1048,2026-06-29,20155,1,21,13,on_time
T-003873,M-1053,2026-06-29,2036,1,21,11,on_time
T-000580,M-1006,2026-06-30,16102,1,30,22,on_time
T-000755,M-1008,2026-06-30,77889,0,,,cash
T-000758,M-1008,2026-06-30,29067,1,30,28,on_time
T-000850,M-1009,2026-06-30,22363,1,30,18,on_time
T-000947,M-1010,2026-06-30,27021,0,,,cash
T-001152,M-1012,2026-06-30,45120,1,30,24,on_time
T-001294,M-1014,2026-06-30,12855,0,,,cash
T-001295,M-1014,2026-06-30,8369,1,30,27,on_time
T-001440,M-1016,2026-06-30,32157,1,30,25,on_time
T-001443,M-1016,2026-06-30,18618,0,,,cash
T-001866,M-1022,2026-06-30,9645,0,,,cash
T-001944,M-1023,2026-06-30,31422,0,,,cash
T-001950,M-1023,2026-06-30,21176,1,30,23,on_time
T-002587,M-1032,2026-06-30,30095,1,30,27,on_time
T-002692,M-1034,2026-06-30,29238,1,30,29,on_time
T-002797,M-1036,2026-06-30,17889,1,30,23,on_time
T-003069,M-1041,2026-06-30,26078,1,30,17,on_time
T-003347,M-1045,2026-06-30,8458,0,,,cash
T-003566,M-1048,2026-06-30,26151,1,21,9,on_time
T-003817,M-1052,2026-06-30,4162,1,21,30,late
T-004042,M-1056,2026-06-30,3410,0,,,cash
T-000083,M-1001,2026-07-01,19466,1,30,21,on_time
T-000192,M-1002,2026-07-01,36518,1,30,23,on_time
T-000285,M-1003,2026-07-01,52200,1,30,26,on_time
T-000657,M-1007,2026-07-01,46005,1,30,15,on_time
T-000847,M-1009,2026-07-01,38699,1,30,26,on_time
T-001297,M-1014,2026-07-01,8925,0,,,cash
T-001946,M-1023,2026-07-01,16611,1,30,17,on_time
T-002165,M-1026,2026-07-01,16149,0,,,cash
T-002957,M-1039,2026-07-01,17857,0,,,cash
T-003194,M-1043,2026-07-01,11071,1,21,32,late
T-003350,M-1045,2026-07-01,8556,1,21,34,late
T-000379,M-1004,2026-07-02,46781,1,30,25,on_time
T-000480,M-1005,2026-07-02,35946,1,30,25,on_time
T-000574,M-1006,2026-07-02,20612,1,30,19,on_time
T-001042,M-1011,2026-07-02,54898,0,,,cash
T-001515,M-1017,2026-07-02,15277,0,,,cash
T-001733,M-1020,2026-07-02,17404,0,,,cash
T-002690,M-1034,2026-07-02,22921,0,,,cash
T-003017,M-1040,2026-07-02,12359,1,30,23,on_time
T-003193,M-1043,2026-07-02,12128,1,21,6,on_time
T-003422,M-1046,2026-07-02,6927,1,21,20,on_time
T-000852,M-1009,2026-07-03,42836,1,30,28,on_time
T-001300,M-1014,2026-07-03,8798,1,30,29,on_time
T-001511,M-1017,2026-07-03,28410,1,30,26,on_time
T-002093,M-1025,2026-07-03,8654,1,30,29,on_time
T-002237,M-1027,2026-07-03,14709,1,30,23,on_time
T-002240,M-1027,2026-07-03,27430,1,30,27,on_time
T-002525,M-1031,2026-07-03,28066,1,30,54,late
T-002905,M-1038,2026-07-03,43516,0,,,cash
T-003265,M-1044,2026-07-03,11741,1,21,,default
T-003499,M-1047,2026-07-03,10003,1,21,21,on_time
T-003703,M-1050,2026-07-03,7668,1,21,33,late
T-003929,M-1054,2026-07-03,5349,1,21,39,late
T-003930,M-1054,2026-07-03,674,1,21,43,late
T-000084,M-1001,2026-07-04,38488,1,30,19,on_time
T-000475,M-1005,2026-07-04,36442,1,30,16,on_time
T-000659,M-1007,2026-07-04,65203,1,30,30,on_time
T-001869,M-1022,2026-07-04,300,0,,,cash
T-002163,M-1026,2026-07-04,18812,1,30,16,on_time
T-002164,M-1026,2026-07-04,16927,0,,,cash
T-002233,M-1027,2026-07-04,20708,1,30,41,late
T-002465,M-1030,2026-07-04,31868,0,,,cash
T-003015,M-1040,2026-07-04,39745,0,,,cash
T-003270,M-1044,2026-07-04,1870,1,21,40,late
T-001150,M-1012,2026-07-05,49585,1,30,24,on_time
T-001374,M-1015,2026-07-05,30958,0,,,cash
T-001945,M-1023,2026-07-05,20441,1,30,21,on_time
T-002234,M-1027,2026-07-05,26854,1,30,29,on_time
T-002312,M-1028,2026-07-05,39519,1,30,24,on_time
T-002386,M-1029,2026-07-05,20211,0,,,cash
T-002523,M-1031,2026-07-05,20322,1,30,20,on_time
T-002524,M-1031,2026-07-05,32764,1,30,17,on_time
T-002638,M-1033,2026-07-05,19397,0,,,cash
T-002747,M-1035,2026-07-05,18622,1,30,23,on_time
T-002958,M-1039,2026-07-05,21042,1,30,25,on_time
T-003500,M-1047,2026-07-05,9371,1,21,41,late
T-003631,M-1049,2026-07-05,27726,0,,,cash
T-000188,M-1002,2026-07-06,21646,0,,,cash
T-000477,M-1005,2026-07-06,31706,1,30,26,on_time
T-000660,M-1007,2026-07-06,70579,1,30,22,on_time
T-000760,M-1008,2026-07-06,55223,0,,,cash
T-000851,M-1009,2026-07-06,34263,1,30,16,on_time
T-001148,M-1012,2026-07-06,43719,1,30,27,on_time
T-001376,M-1015,2026-07-06,68270,1,30,18,on_time
T-001576,M-1018,2026-07-06,11453,1,30,20,on_time
T-003067,M-1041,2026-07-06,50808,1,30,19,on_time
T-003195,M-1043,2026-07-06,7337,1,21,9,on_time
T-003702,M-1050,2026-07-06,4286,1,21,17,on_time
T-003870,M-1053,2026-07-06,1926,1,21,30,late
T-003927,M-1054,2026-07-06,4565,1,21,42,late
T-000089,M-1001,2026-07-07,35630,0,,,cash
T-000846,M-1009,2026-07-07,58746,0,,,cash
T-001153,M-1012,2026-07-07,300,1,30,18,on_time
T-001299,M-1014,2026-07-07,8597,1,30,20,on_time
T-001445,M-1016,2026-07-07,23962,0,,,cash
T-001800,M-1021,2026-07-07,15263,1,30,24,on_time
T-001801,M-1021,2026-07-07,18307,1,30,25,on_time
T-002161,M-1026,2026-07-07,18261,1,30,22,on_time
T-002856,M-1037,2026-07-07,26101,1,30,26,on_time
T-003018,M-1040,2026-07-07,21389,1,30,21,on_time
T-003068,M-1041,2026-07-07,35431,0,,,cash
T-003129,M-1042,2026-07-07,33044,1,30,24,on_time
T-003816,M-1052,2026-07-07,3164,1,21,44,late
T-000193,M-1002,2026-07-08,66243,1,30,18,on_time
T-000284,M-1003,2026-07-08,57349,1,30,24,on_time
T-000579,M-1006,2026-07-08,32464,1,30,24,on_time
T-000759,M-1008,2026-07-08,29654,0,,,cash
T-001375,M-1015,2026-07-08,53465,1,30,20,on_time
T-001574,M-1018,2026-07-08,14416,1,30,25,on_time
T-001579,M-1018,2026-07-08,30342,1,30,26,on_time
T-002637,M-1033,2026-07-08,34467,1,30,52,late
T-002744,M-1035,2026-07-08,13510,1,30,21,on_time
T-003266,M-1044,2026-07-08,7289,1,21,13,on_time
T-003352,M-1045,2026-07-08,11556,1,21,8,on_time
T-003419,M-1046,2026-07-08,5033,0,,,cash
T-000481,M-1005,2026-07-09,12562,1,30,24,on_time
T-001225,M-1013,2026-07-09,9204,1,30,18,on_time
T-001296,M-1014,2026-07-09,6979,1,30,23,on_time
T-001659,M-1019,2026-07-09,12891,1,30,22,on_time
T-001731,M-1020,2026-07-09,21092,1,30,30,on_time
T-001947,M-1023,2026-07-09,13037,1,30,16,on_time
T-002527,M-1031,2026-07-09,21477,1,30,28,on_time
T-002749,M-1035,2026-07-09,21057,0,,,cash
T-003495,M-1047,2026-07-09,4946,1,21,30,late
T-003765,M-1051,2026-07-09,1794,1,21,15,on_time
T-004054,M-1059,2026-07-09,44318,0,,,cash
T-000081,M-1001,2026-07-10,6228,0,,,cash
T-000082,M-1001,2026-07-10,14709,1,30,24,on_time
T-000377,M-1004,2026-07-10,24589,1,30,15,on_time
T-000380,M-1004,2026-07-10,42979,1,30,26,on_time
T-001149,M-1012,2026-07-10,44401,1,30,17,on_time
T-001657,M-1019,2026-07-10,24911,0,,,cash
T-002586,M-1032,2026-07-10,35008,1,30,20,on_time
T-002799,M-1036,2026-07-10,11149,1,30,20,on_time
T-003705,M-1050,2026-07-10,4654,0,,,cash
T-003931,M-1054,2026-07-10,3021,1,21,36,late
T-000951,M-1010,2026-07-11,37583,1,30,22,on_time
T-002091,M-1025,2026-07-11,16391,0,,,cash
T-002092,M-1025,2026-07-11,13944,1,30,27,on_time
T-002906,M-1038,2026-07-11,62214,1,30,19,on_time
T-003126,M-1042,2026-07-11,36738,1,30,49,late
T-003496,M-1047,2026-07-11,11536,1,21,25,late
T-003629,M-1049,2026-07-11,17950,0,,,cash
T-003633,M-1049,2026-07-11,4750,1,21,12,on_time
T-004041,M-1056,2026-07-11,300,1,21,34,late
T-000855,M-1009,2026-07-12,54370,1,30,28,on_time
T-000949,M-1010,2026-07-12,18145,1,30,26,on_time
T-001045,M-1011,2026-07-12,106574,1,30,30,on_time
T-001047,M-1011,2026-07-12,126068,0,,,cash
T-001147,M-1012,2026-07-12,49233,1,30,25,on_time
T-001226,M-1013,2026-07-12,8896,1,30,30,on_time
T-001510,M-1017,2026-07-12,18887,1,30,29,on_time
T-001512,M-1017,2026-07-12,19880,0,,,cash
T-002026,M-1024,2026-07-12,12798,0,,,cash
T-002160,M-1026,2026-07-12,13496,1,30,17,on_time
T-002857,M-1037,2026-07-12,1375,0,,,cash
T-003632,M-1049,2026-07-12,21411,1,21,18,on_time
T-003815,M-1052,2026-07-12,6438,1,21,17,on_time
T-000085,M-1001,2026-07-13,19149,1,30,20,on_time
T-000088,M-1001,2026-07-13,21202,1,30,15,on_time
T-000194,M-1002,2026-07-13,31362,1,30,22,on_time
T-000279,M-1003,2026-07-13,39509,0,,,cash
T-000662,M-1007,2026-07-13,33434,1,30,18,on_time
T-001230,M-1013,2026-07-13,14502,1,30,29,on_time
T-002023,M-1024,2026-07-13,29081,0,,,cash
T-002025,M-1024,2026-07-13,23244,1,30,20,on_time
T-002746,M-1035,2026-07-13,14279,1,30,22,on_time
T-003421,M-1046,2026-07-13,7184,1,21,7,on_time
T-003700,M-1050,2026-07-13,7841,1,21,8,on_time
T-003704,M-1050,2026-07-13,6149,1,21,14,on_time
T-003989,M-1055,2026-07-13,3088,1,21,33,late
T-003990,M-1055,2026-07-13,4361,1,21,19,on_time
T-000578,M-1006,2026-07-14,21676,1,30,30,on_time
T-000757,M-1008,2026-07-14,38301,0,,,cash
T-000849,M-1009,2026-07-14,26478,1,30,23,on_time
T-001044,M-1011,2026-07-14,105734,1,30,25,on_time
T-001514,M-1017,2026-07-14,18492,1,30,30,on_time
T-001580,M-1018,2026-07-14,29911,1,30,,open
T-001732,M-1020,2026-07-14,9231,1,30,24,on_time
T-001948,M-1023,2026-07-14,15447,1,30,17,on_time
T-002162,M-1026,2026-07-14,13685,1,30,16,on_time
T-002310,M-1028,2026-07-14,33204,1,30,16,on_time
T-002463,M-1030,2026-07-14,30215,1,30,26,on_time
T-002639,M-1033,2026-07-14,31192,0,,,cash
T-002693,M-1034,2026-07-14,21253,1,30,18,on_time
T-003192,M-1043,2026-07-14,6063,1,21,41,late
T-003351,M-1045,2026-07-14,16041,1,21,9,on_time
T-000378,M-1004,2026-07-15,50277,0,,,cash
T-001155,M-1012,2026-07-15,42722,1,30,19,on_time
T-001227,M-1013,2026-07-15,8722,0,,,cash
T-001796,M-1021,2026-07-15,11026,0,,,cash
T-001865,M-1022,2026-07-15,9860,1,30,30,on_time
T-002859,M-1037,2026-07-15,9669,1,30,17,on_time
T-003348,M-1045,2026-07-15,11138,1,21,40,late
T-003565,M-1048,2026-07-15,12472,1,21,14,on_time
T-003872,M-1053,2026-07-15,3110,1,21,27,late
T-003987,M-1055,2026-07-15,3948,1,21,40,late
T-004040,M-1056,2026-07-15,4183,1,21,29,late
T-001301,M-1014,2026-07-16,5162,1,30,23,on_time
T-001578,M-1018,2026-07-16,9808,1,30,30,on_time
T-002235,M-1027,2026-07-16,21626,0,,,cash
T-002584,M-1032,2026-07-16,11460,1,30,21,on_time
T-002801,M-1036,2026-07-16,13551,1,30,20,on_time
T-002858,M-1037,2026-07-16,18481,1,30,22,on_time
T-003494,M-1047,2026-07-16,10263,0,,,cash
T-004051,M-1058,2026-07-16,39040,1,21,14,on_time
T-000479,M-1005,2026-07-17,22489,1,30,26,on_time
T-002024,M-1024,2026-07-17,22938,0,,,cash
T-002167,M-1026,2026-07-17,17584,0,,,cash
T-003124,M-1042,2026-07-17,31381,1,30,27,on_time
T-003191,M-1043,2026-07-17,6824,1,21,17,on_time
T-003267,M-1044,2026-07-17,11594,1,21,19,on_time
T-003269,M-1044,2026-07-17,13922,1,21,7,on_time
T-003926,M-1054,2026-07-17,5101,1,21,26,late
T-004057,M-1060,2026-07-17,18415,1,21,21,on_time
T-000187,M-1002,2026-07-18,54533,1,30,24,on_time
T-000282,M-1003,2026-07-18,51929,0,,,cash
T-000754,M-1008,2026-07-18,55000,1,30,18,on_time
T-001043,M-1011,2026-07-18,97321,0,,,cash
T-001228,M-1013,2026-07-18,14643,1,30,30,on_time
T-001513,M-1017,2026-07-18,24590,1,30,27,on_time
T-001656,M-1019,2026-07-18,8587,1,30,30,on_time
T-001870,M-1022,2026-07-18,13060,1,30,30,on_time
T-002313,M-1028,2026-07-18,44471,1,30,25,on_time
T-002959,M-1039,2026-07-18,15109,0,,,cash
T-003271,M-1044,2026-07-18,10454,1,21,18,on_time
T-003498,M-1047,2026-07-18,4331,1,21,25,late
T-003764,M-1051,2026-07-18,3736,1,21,39,late
T-003874,M-1053,2026-07-18,2671,0,,,cash
T-000476,M-1005,2026-07-19,1146,0,,,cash
T-000756,M-1008,2026-07-19,32717,0,,,cash
T-001441,M-1016,2026-07-19,13344,0,,,cash
T-001868,M-1022,2026-07-19,14313,1,30,17,on_time
T-002239,M-1027,2026-07-19,34993,1,30,41,late
T-002388,M-1029,2026-07-19,17047,0,,,cash
T-002955,M-1039,2026-07-19,8588,1,30,29,on_time
T-003349,M-1045,2026-07-19,8207,1,21,15,on_time
T-003417,M-1046,2026-07-19,8434,1,21,42,late
T-000576,M-1006,2026-07-20,39604,1,30,15,on_time
T-000853,M-1009,2026-07-20,56321,1,30,17,on_time
T-001373,M-1015,2026-07-20,37050,1,30,20,on_time
T-001442,M-1016,2026-07-20,34670,0,,,cash
T-002166,M-1026,2026-07-20,15538,0,,,cash
T-002385,M-1029,2026-07-20,16956,0,,,cash
T-003928,M-1054,2026-07-20,5450,0,,,cash
T-003986,M-1055,2026-07-20,4314,1,21,29,late
T-000281,M-1003,2026-07-21,56948,1,30,25,on_time
T-000478,M-1005,2026-07-21,21195,1,30,26,on_time
T-000573,M-1006,2026-07-21,28206,1,30,17,on_time
T-000661,M-1007,2026-07-21,56676,1,30,20,on_time
T-000948,M-1010,2026-07-21,39440,1,30,27,on_time
T-000950,M-1010,2026-07-21,47928,1,30,18,on_time
T-001154,M-1012,2026-07-21,15319,0,,,cash
T-001298,M-1014,2026-07-21,6199,0,,,cash
T-001444,M-1016,2026-07-21,24557,1,30,26,on_time
T-001658,M-1019,2026-07-21,15948,1,30,29,on_time
T-001660,M-1019,2026-07-21,6858,1,30,35,late
T-001734,M-1020,2026-07-21,13730,1,30,23,on_time
T-001943,M-1023,2026-07-21,12290,1,30,16,on_time
T-001949,M-1023,2026-07-21,16547,1,30,19,on_time
T-002022,M-1024,2026-07-21,37121,1,30,30,on_time
T-002691,M-1034,2026-07-21,28948,1,30,26,on_time
T-003014,M-1040,2026-07-21,16581,0,,,cash
T-003630,M-1049,2026-07-21,7582,1,21,9,on_time
T-000854,M-1009,2026-07-22,37787,1,30,16,on_time
T-001146,M-1012,2026-07-22,14501,1,30,22,on_time
T-001575,M-1018,2026-07-22,19050,1,30,22,on_time
T-001577,M-1018,2026-07-22,24369,0,,,cash
T-001797,M-1021,2026-07-22,20675,1,30,24,on_time
T-002745,M-1035,2026-07-22,11304,1,30,20,on_time
T-003125,M-1042,2026-07-22,22185,1,30,22,on_time
T-003346,M-1045,2026-07-22,10646,1,21,26,late
T-003497,M-1047,2026-07-22,8292,1,21,13,on_time
T-003869,M-1053,2026-07-22,1488,0,,,cash
T-000086,M-1001,2026-07-23,32465,0,,,cash
T-000189,M-1002,2026-07-23,13745,1,30,24,on_time
T-000280,M-1003,2026-07-23,61983,1,30,25,on_time
T-001046,M-1011,2026-07-23,39040,0,,,cash
T-002088,M-1025,2026-07-23,23591,0,,,cash
T-002236,M-1027,2026-07-23,15887,1,30,,open
T-002796,M-1036,2026-07-23,24111,0,,,cash
T-003016,M-1040,2026-07-23,6385,1,30,25,on_time
T-003128,M-1042,2026-07-23,34340,1,30,22,on_time
T-003418,M-1046,2026-07-23,3783,0,,,cash
T-003699,M-1050,2026-07-23,5871,1,21,13,on_time
T-003766,M-1051,2026-07-23,1739,1,21,38,late
T-003988,M-1055,2026-07-23,4830,1,21,12,on_time
T-004049,M-1057,2026-07-23,26805,1,21,11,on_time
T-000087,M-1001,2026-07-24,32363,1,30,21,on_time
T-000286,M-1003,2026-07-24,57868,0,,,cash
T-000658,M-1007,2026-07-24,30873,1,30,19,on_time
T-001802,M-1021,2026-07-24,10744,1,30,24,on_time
T-001867,M-1022,2026-07-24,11326,1,30,24,on_time
T-002390,M-1029,2026-07-24,26530,1,30,18,on_time
T-002464,M-1030,2026-07-24,35311,1,30,28,on_time
T-002585,M-1032,2026-07-24,27014,0,,,cash
T-002748,M-1035,2026-07-24,22723,0,,,cash
T-002860,M-1037,2026-07-24,12602,1,30,20,on_time
T-002960,M-1039,2026-07-24,24159,0,,,cash
T-000374,M-1004,2026-07-25,34509,0,,,cash
T-000376,M-1004,2026-07-25,50128,0,,,cash
T-001864,M-1022,2026-07-25,10684,1,30,28,on_time
T-002090,M-1025,2026-07-25,15284,1,30,25,on_time
T-002238,M-1027,2026-07-25,18361,0,,,cash
T-002907,M-1038,2026-07-25,70421,1,30,18,on_time
T-002956,M-1039,2026-07-25,8540,1,30,18,on_time
T-003019,M-1040,2026-07-25,26167,1,30,17,on_time
T-000577,M-1006,2026-07-26,36505,1,30,17,on_time
T-001151,M-1012,2026-07-26,16239,1,30,28,on_time
T-001229,M-1013,2026-07-26,9616,0,,,cash
T-002089,M-1025,2026-07-26,25184,1,30,17,on_time
T-002387,M-1029,2026-07-26,19508,0,,,cash
T-002800,M-1036,2026-07-26,28725,1,30,24,on_time
T-003420,M-1046,2026-07-26,6069,0,,,cash
T-003568,M-1048,2026-07-26,21903,1,21,9,on_time
T-003871,M-1053,2026-07-26,761,1,21,,default
T-000292,M-1003,2026-07-27,29083,1,30,30,on_time
T-000482,M-1005,2026-07-27,44262,1,30,29,on_time
T-000484,M-1005,2026-07-27,43802,1,30,20,on_time
T-001379,M-1015,2026-07-27,9055,1,30,19,on_time
T-001520,M-1017,2026-07-27,25799,0,,,cash
T-002588,M-1032,2026-07-27,17955,0,,,cash
T-002804,M-1036,2026-07-27,38801,0,,,cash
T-002864,M-1037,2026-07-27,29270,0,,,cash
T-002912,M-1038,2026-07-27,12768,1,30,29,on_time
T-003021,M-1040,2026-07-27,19869,1,30,23,on_time
T-003022,M-1040,2026-07-27,32736,0,,,cash
T-003131,M-1042,2026-07-27,41001,1,30,26,on_time
T-003278,M-1044,2026-07-27,2476,1,21,15,on_time
T-003356,M-1045,2026-07-27,9892,0,,,cash
T-003505,M-1047,2026-07-27,1392,0,,,cash
T-004043,M-1056,2026-07-27,1832,0,,,cash
T-000092,M-1001,2026-07-28,46395,0,,,cash
T-000093,M-1001,2026-07-28,27122,1,30,21,on_time
T-001051,M-1011,2026-07-28,44396,0,,,cash
T-001447,M-1016,2026-07-28,15857,1,30,17,on_time
T-001521,M-1017,2026-07-28,13828,1,30,28,on_time
T-001663,M-1019,2026-07-28,11995,1,30,17,on_time
T-001737,M-1020,2026-07-28,16193,1,30,19,on_time
T-002468,M-1030,2026-07-28,12519,1,30,17,on_time
T-002473,M-1030,2026-07-28,20561,1,30,17,on_time
T-002643,M-1033,2026-07-28,18206,1,30,24,on_time
T-003571,M-1048,2026-07-28,11866,0,,,cash
T-003876,M-1053,2026-07-28,3284,1,21,26,late
T-000195,M-1002,2026-07-29,49538,1,30,18,on_time
T-000762,M-1008,2026-07-29,28734,0,,,cash
T-001049,M-1011,2026-07-29,35687,0,,,cash
T-001054,M-1011,2026-07-29,51583,0,,,cash
T-002095,M-1025,2026-07-29,20400,0,,,cash
T-003020,M-1040,2026-07-29,26634,1,30,16,on_time
T-003501,M-1047,2026-07-29,8814,1,21,17,on_time
T-003875,M-1053,2026-07-29,1473,0,,,cash
T-003933,M-1054,2026-07-29,3709,0,,,cash
T-001804,M-1021,2026-07-30,15196,1,30,,open
T-002168,M-1026,2026-07-30,28719,1,30,23,on_time
T-002242,M-1027,2026-07-30,17979,0,,,cash
T-003358,M-1045,2026-07-30,10152,0,,,cash
T-000588,M-1006,2026-07-31,31502,1,30,25,on_time
T-001380,M-1015,2026-07-31,15764,1,30,17,on_time
T-002961,M-1039,2026-07-31,65812,1,30,22,on_time
T-002962,M-1039,2026-07-31,52997,1,30,27,on_time
T-004047,M-1056,2026-07-31,1445,1,21,,default
T-000094,M-1001,2026-08-01,16352,1,30,23,on_time
T-000487,M-1005,2026-08-01,36602,0,,,cash
T-000582,M-1006,2026-08-01,39555,1,30,23,on_time
T-000587,M-1006,2026-08-01,22751,1,30,29,on_time
T-000769,M-1008,2026-08-01,27215,1,30,22,on_time
T-001581,M-1018,2026-08-01,18793,0,,,cash
T-001584,M-1018,2026-08-01,16167,0,,,cash
T-001806,M-1021,2026-08-01,17901,1,30,17,on_time
T-001871,M-1022,2026-08-01,12339,0,,,cash
T-001952,M-1023,2026-08-01,34129,0,,,cash
T-002028,M-1024,2026-08-01,19166,1,30,24,on_time
T-003574,M-1048,2026-08-01,8423,0,,,cash
T-003767,M-1051,2026-08-01,5779,1,21,20,on_time
T-004052,M-1058,2026-08-01,16180,1,21,18,on_time
T-000097,M-1001,2026-08-02,24120,1,30,15,on_time
T-000290,M-1003,2026-08-02,73690,1,30,16,on_time
T-000763,M-1008,2026-08-02,28392,1,30,25,on_time
T-001157,M-1012,2026-08-02,32639,1,30,25,on_time
T-001381,M-1015,2026-08-02,15939,0,,,cash
T-001735,M-1020,2026-08-02,15881,1,30,16,on_time
T-002094,M-1025,2026-08-02,46444,1,30,25,on_time
T-000289,M-1003,2026-08-03,28949,1,30,15,on_time
T-000483,M-1005,2026-08-03,23726,0,,,cash
T-000581,M-1006,2026-08-03,28902,1,30,18,on_time
T-000860,M-1009,2026-08-03,17207,1,30,21,on_time
T-000959,M-1010,2026-08-03,27958,1,30,18,on_time
T-001303,M-1014,2026-08-03,12102,1,30,15,on_time
T-001588,M-1018,2026-08-03,11232,1,30,18,on_time
T-003074,M-1041,2026-08-03,29370,1,30,15,on_time
T-003274,M-1044,2026-08-03,9030,1,21,14,on_time
T-003634,M-1049,2026-08-03,9885,1,21,9,on_time
T-003993,M-1055,2026-08-03,7995,0,,,cash
T-004045,M-1056,2026-08-03,2489,0,,,cash
T-000770,M-1008,2026-08-04,40013,1,30,19,on_time
T-001518,M-1017,2026-08-04,18579,1,30,,open
T-002033,M-1024,2026-08-04,26216,1,30,24,on_time
T-002397,M-1029,2026-08-04,8586,1,30,,open
T-002470,M-1030,2026-08-04,27931,1,30,,open
T-002753,M-1035,2026-08-04,28171,1,30,16,on_time
T-003200,M-1043,2026-08-04,2125,0,,,cash
T-003712,M-1050,2026-08-04,4550,1,21,17,on_time
T-000198,M-1002,2026-08-05,26860,1,30,,open
T-000671,M-1007,2026-08-05,11412,1,30,24,on_time
T-001055,M-1011,2026-08-05,58777,1,30,,open
T-001378,M-1015,2026-08-05,28530,1,30,22,on_time
T-001522,M-1017,2026-08-05,32442,1,30,,open
T-001587,M-1018,2026-08-05,28881,1,30,18,on_time
T-001664,M-1019,2026-08-05,10074,1,30,23,on_time
T-002029,M-1024,2026-08-05,18469,1,30,15,on_time
T-002642,M-1033,2026-08-05,21370,1,30,26,on_time
T-003354,M-1045,2026-08-05,7937,1,21,19,on_time
T-003768,M-1051,2026-08-05,3134,1,21,6,on_time
T-000200,M-1002,2026-08-06,19674,1,30,20,on_time
T-000203,M-1002,2026-08-06,45620,1,30,21,on_time
T-000381,M-1004,2026-08-06,37085,1,30,,open
T-000667,M-1007,2026-08-06,18219,1,30,24,on_time
T-000766,M-1008,2026-08-06,18886,1,30,23,on_time
T-000768,M-1008,2026-08-06,1227,1,30,,open
T-001382,M-1015,2026-08-06,19211,1,30,17,on_time
T-001446,M-1016,2026-08-06,28693,0,,,cash
T-001666,M-1019,2026-08-06,14043,1,30,,open
T-001951,M-1023,2026-08-06,25528,1,30,20,on_time
T-002590,M-1032,2026-08-06,14062,1,30,17,on_time
T-002750,M-1035,2026-08-06,21829,0,,,cash
T-003199,M-1043,2026-08-06,14141,1,21,6,on_time
T-003276,M-1044,2026-08-06,13466,1,21,12,on_time
T-003503,M-1047,2026-08-06,15234,1,21,18,on_time
T-003820,M-1052,2026-08-06,3525,1,21,25,late
T-000386,M-1004,2026-08-07,66600,1,30,15,on_time
T-000486,M-1005,2026-08-07,41036,1,30,16,on_time
T-000856,M-1009,2026-08-07,56881,1,30,22,on_time
T-002531,M-1031,2026-08-07,18590,0,,,cash
T-002532,M-1031,2026-08-07,28537,1,30,,open
T-002696,M-1034,2026-08-07,45639,1,30,19,on_time
T-002805,M-1036,2026-08-07,33996,1,30,,open
T-002861,M-1037,2026-08-07,31736,1,30,22,on_time
T-003071,M-1041,2026-08-07,23972,1,30,,open
T-003428,M-1046,2026-08-07,4575,0,,,cash
T-003429,M-1046,2026-08-07,6673,1,21,10,on_time
T-003569,M-1048,2026-08-07,17737,0,,,cash
T-003878,M-1053,2026-08-07,3395,0,,,cash
T-000663,M-1007,2026-08-08,40130,1,30,17,on_time
T-001304,M-1014,2026-08-08,7111,1,30,,open
T-001736,M-1020,2026-08-08,26238,0,,,cash
T-001808,M-1021,2026-08-08,50933,0,,,cash
T-001873,M-1022,2026-08-08,10480,1,30,,open
T-001955,M-1023,2026-08-08,25309,1,30,,open
T-002170,M-1026,2026-08-08,16819,1,30,,open
T-002241,M-1027,2026-08-08,17255,1,30,,open
T-002592,M-1032,2026-08-08,21903,0,,,cash
T-002913,M-1038,2026-08-08,38329,1,30,,open
T-003769,M-1051,2026-08-08,2793,0,,,cash
T-000293,M-1003,2026-08-09,34283,0,,,cash
T-001232,M-1013,2026-08-09,300,1,30,,open
T-002247,M-1027,2026-08-09,10376,0,,,cash
T-002317,M-1028,2026-08-09,22993,1,30,,open
T-003130,M-1042,2026-08-09,27191,0,,,cash
T-003355,M-1045,2026-08-09,6430,1,21,7,on_time
T-003707,M-1050,2026-08-09,5811,1,21,6,on_time
T-003992,M-1055,2026-08-09,9373,0,,,cash
T-000764,M-1008,2026-08-10,28420,0,,,cash
T-000765,M-1008,2026-08-10,17532,1,30,19,on_time
T-000861,M-1009,2026-08-10,58032,1,30,20,on_time
T-001585,M-1018,2026-08-10,20061,1,30,21,on_time
T-001874,M-1022,2026-08-10,15278,1,30,,open
T-002173,M-1026,2026-08-10,34714,0,,,cash
T-002591,M-1032,2026-08-10,36464,1,30,17,on_time
T-002694,M-1034,2026-08-10,56620,0,,,cash
T-003198,M-1043,2026-08-10,4509,1,21,14,on_time
T-003710,M-1050,2026-08-10,5581,1,21,,open
T-000096,M-1001,2026-08-11,22135,1,30,,open
T-000384,M-1004,2026-08-11,90951,1,30,17,on_time
T-001875,M-1022,2026-08-11,14553,0,,,cash
T-002316,M-1028,2026-08-11,23130,1,30,18,on_time
T-002319,M-1028,2026-08-11,35231,1,30,,open
T-002469,M-1030,2026-08-11,20885,1,30,,open
T-002529,M-1031,2026-08-11,38151,0,,,cash
T-002640,M-1033,2026-08-11,30624,1,30,,open
T-002644,M-1033,2026-08-11,19968,1,30,18,on_time
T-003201,M-1043,2026-08-11,11185,1,21,10,on_time
T-003637,M-1049,2026-08-11,10576,1,21,15,on_time
T-003641,M-1049,2026-08-11,12766,0,,,cash
T-003818,M-1052,2026-08-11,4157,1,21,,open
T-003932,M-1054,2026-08-11,5269,1,21,18,on_time
T-000197,M-1002,2026-08-12,23712,0,,,cash
T-000287,M-1003,2026-08-12,61363,0,,,cash
T-000761,M-1008,2026-08-12,29948,1,30,,open
T-001160,M-1012,2026-08-12,71168,0,,,cash
T-001161,M-1012,2026-08-12,27501,1,30,18,on_time
T-001305,M-1014,2026-08-12,9646,1,30,,open
T-001307,M-1014,2026-08-12,14008,1,30,,open
T-001448,M-1016,2026-08-12,28341,1,30,,open
T-001953,M-1023,2026-08-12,26045,1,30,,open
T-002863,M-1037,2026-08-12,43717,0,,,cash
T-002908,M-1038,2026-08-12,33562,1,30,,open
T-003713,M-1050,2026-08-12,4992,1,21,17,on_time
T-004058,M-1060,2026-08-12,39826,1,21,10,on_time
T-000095,M-1001,2026-08-13,36656,1,30,,open
T-000201,M-1002,2026-08-13,25929,0,,,cash
T-000288,M-1003,2026-08-13,54021,1,30,18,on_time
T-000859,M-1009,2026-08-13,46701,1,30,,open
T-001050,M-1011,2026-08-13,57347,1,30,18,on_time
T-001954,M-1023,2026-08-13,27682,0,,,cash
T-002096,M-1025,2026-08-13,9177,1,30,,open
T-002396,M-1029,2026-08-13,7819,1,30,15,on_time
T-003025,M-1040,2026-08-13,23955,0,,,cash
T-003073,M-1041,2026-08-13,10035,0,,,cash
T-003359,M-1045,2026-08-13,9201,0,,,cash
T-003504,M-1047,2026-08-13,13310,0,,,cash
T-003638,M-1049,2026-08-13,8224,0,,,cash
T-003934,M-1054,2026-08-13,4100,1,21,12,on_time
T-003936,M-1054,2026-08-13,3053,1,21,,default
T-000091,M-1001,2026-08-14,20361,1,30,,open
T-000385,M-1004,2026-08-14,92271,0,,,cash
T-000488,M-1005,2026-08-14,32604,1,30,,open
T-000585,M-1006,2026-08-14,30925,1,30,,open
T-000669,M-1007,2026-08-14,18757,0,,,cash
T-000857,M-1009,2026-08-14,49385,1,30,,open
T-000954,M-1010,2026-08-14,42704,1,30,,open
T-000958,M-1010,2026-08-14,28485,1,30,,open
T-001053,M-1011,2026-08-14,40452,1,30,,open
T-001449,M-1016,2026-08-14,21644,1,30,,open
T-001665,M-1019,2026-08-14,7066,0,,,cash
T-001738,M-1020,2026-08-14,17670,0,,,cash
T-001872,M-1022,2026-08-14,10625,1,30,,open
T-002393,M-1029,2026-08-14,14316,1,30,,open
T-002589,M-1032,2026-08-14,7522,1,30,,open
T-002963,M-1039,2026-08-14,59578,1,30,,open
T-003635,M-1049,2026-08-14,13414,1,21,,open
T-003640,M-1049,2026-08-14,11923,1,21,15,on_time
T-003991,M-1055,2026-08-14,7643,1,21,,open
T-004055,M-1059,2026-08-14,29126,1,21,,open
T-001668,M-1019,2026-08-15,12306,0,,,cash
T-002471,M-1030,2026-08-15,22632,1,30,16,on_time
T-002802,M-1036,2026-08-15,20752,0,,,cash
T-003023,M-1040,2026-08-15,25845,0,,,cash
T-003427,M-1046,2026-08-15,6017,1,21,,open
T-003431,M-1046,2026-08-15,2294,1,21,,open
T-004050,M-1057,2026-08-15,18542,1,21,,open
T-000199,M-1002,2026-08-16,44440,1,30,,open
T-000584,M-1006,2026-08-16,17706,1,30,,open
T-000586,M-1006,2026-08-16,31918,0,,,cash
T-000670,M-1007,2026-08-16,27419,1,30,,open
T-000767,M-1008,2026-08-16,21489,0,,,cash
T-000863,M-1009,2026-08-16,40533,1,30,,open
T-001159,M-1012,2026-08-16,43583,1,30,,open
T-001583,M-1018,2026-08-16,12138,1,30,,open
T-002244,M-1027,2026-08-16,4460,1,30,,open
T-002248,M-1027,2026-08-16,13838,1,30,,open
T-002467,M-1030,2026-08-16,18100,0,,,cash
T-003197,M-1043,2026-08-16,8642,1,21,7,on_time
T-003272,M-1044,2026-08-16,17144,0,,,cash
T-003935,M-1054,2026-08-16,5660,1,21,,default
T-004053,M-1058,2026-08-16,15862,0,,,cash
T-001163,M-1012,2026-08-17,45559,1,30,,open
T-001586,M-1018,2026-08-17,3944,0,,,cash
T-002392,M-1029,2026-08-17,14327,1,30,,open
T-002395,M-1029,2026-08-17,8067,1,30,,open
T-002472,M-1030,2026-08-17,22440,1,30,,open
T-003133,M-1042,2026-08-17,52648,1,30,,open
T-003273,M-1044,2026-08-17,13488,1,21,12,on_time
T-003360,M-1045,2026-08-17,6925,1,21,,open
T-003426,M-1046,2026-08-17,7127,1,21,,open
T-003430,M-1046,2026-08-17,7028,1,21,14,on_time
T-003573,M-1048,2026-08-17,1725,1,21,,open
T-003821,M-1052,2026-08-17,4337,1,21,10,on_time
T-000204,M-1002,2026-08-18,31088,1,30,,open
T-001876,M-1022,2026-08-18,5194,1,30,,open
T-002751,M-1035,2026-08-18,24965,1,30,,open
T-003072,M-1041,2026-08-18,24176,1,30,,open
T-003353,M-1045,2026-08-18,8652,1,21,,open
T-003639,M-1049,2026-08-18,12642,1,21,10,on_time
T-003711,M-1050,2026-08-18,6760,0,,,cash
T-000202,M-1002,2026-08-19,40509,0,,,cash
T-000858,M-1009,2026-08-19,73766,1,30,,open
T-001162,M-1012,2026-08-19,37298,1,30,,open
T-001233,M-1013,2026-08-19,25659,1,30,,open
T-001308,M-1014,2026-08-19,10402,1,30,,open
T-002391,M-1029,2026-08-19,7764,1,30,,open
T-003070,M-1041,2026-08-19,9125,0,,,cash
T-003196,M-1043,2026-08-19,9233,1,21,10,on_time
T-003275,M-1044,2026-08-19,14618,0,,,cash
T-003572,M-1048,2026-08-19,14466,1,21,,open
T-003709,M-1050,2026-08-19,4960,1,21,,open
T-004044,M-1056,2026-08-19,999,1,21,,open
T-000196,M-1002,2026-08-20,33908,0,,,cash
T-000294,M-1003,2026-08-20,67950,0,,,cash
T-000382,M-1004,2026-08-20,18340,0,,,cash
T-000583,M-1006,2026-08-20,23264,1,30,,open
T-000666,M-1007,2026-08-20,31956,1,30,,open
T-000668,M-1007,2026-08-20,38905,1,30,,open
T-001739,M-1020,2026-08-20,12899,0,,,cash
T-001805,M-1021,2026-08-20,28417,1,30,,open
T-002030,M-1024,2026-08-20,8770,1,30,,open
T-002097,M-1025,2026-08-20,29070,1,30,,open
T-002172,M-1026,2026-08-20,32167,1,30,,open
T-002243,M-1027,2026-08-20,8955,1,30,,open
T-002245,M-1027,2026-08-20,3580,0,,,cash
T-002314,M-1028,2026-08-20,34717,0,,,cash
T-002528,M-1031,2026-08-20,23689,0,,,cash
T-002530,M-1031,2026-08-20,27202,1,30,,open
T-002695,M-1034,2026-08-20,35875,0,,,cash
T-002806,M-1036,2026-08-20,49698,1,30,,open
T-003636,M-1049,2026-08-20,6138,0,,,cash
T-000665,M-1007,2026-08-21,24558,0,,,cash
T-000955,M-1010,2026-08-21,48077,0,,,cash
T-001234,M-1013,2026-08-21,19003,1,30,,open
T-001582,M-1018,2026-08-21,24658,1,30,,open
T-001662,M-1019,2026-08-21,5950,0,,,cash
T-002032,M-1024,2026-08-21,11575,1,30,,open
T-002169,M-1026,2026-08-21,9057,1,30,,open
T-002246,M-1027,2026-08-21,30580,1,30,,open
T-002752,M-1035,2026-08-21,12967,1,30,,open
T-002909,M-1038,2026-08-21,7647,1,30,,open
T-003202,M-1043,2026-08-21,9759,1,21,,open
T-003277,M-1044,2026-08-21,10802,1,21,8,on_time
T-003357,M-1045,2026-08-21,12871,1,21,,open
T-004048,M-1056,2026-08-21,1845,0,,,cash
T-000291,M-1003,2026-08-22,55724,1,30,,open
T-000383,M-1004,2026-08-22,59090,0,,,cash
T-000862,M-1009,2026-08-22,50061,1,30,,open
T-000957,M-1010,2026-08-22,20327,1,30,,open
T-001052,M-1011,2026-08-22,59761,1,30,,open
T-001158,M-1012,2026-08-22,59292,1,30,,open
T-001377,M-1015,2026-08-22,18820,0,,,cash
T-002398,M-1029,2026-08-22,20679,0,,,cash
T-002910,M-1038,2026-08-22,27927,1,30,,open
T-002911,M-1038,2026-08-22,38927,1,30,,open
T-003132,M-1042,2026-08-22,21252,0,,,cash
T-003425,M-1046,2026-08-22,5765,0,,,cash
T-003706,M-1050,2026-08-22,4159,1,21,,open
T-004046,M-1056,2026-08-22,1363,1,21,,open
T-000485,M-1005,2026-08-23,19065,0,,,cash
T-001235,M-1013,2026-08-23,14993,1,30,,open
T-001306,M-1014,2026-08-23,4304,1,30,,open
T-001517,M-1017,2026-08-23,15855,1,30,,open
T-001519,M-1017,2026-08-23,29817,0,,,cash
T-002171,M-1026,2026-08-23,18267,1,30,,open
T-002315,M-1028,2026-08-23,21843,0,,,cash
T-002641,M-1033,2026-08-23,20390,1,30,,open
T-002862,M-1037,2026-08-23,39969,0,,,cash
T-003502,M-1047,2026-08-23,8656,1,21,,open
T-003819,M-1052,2026-08-23,2934,1,21,,open
T-000664,M-1007,2026-08-24,13932,1,30,,open
T-000956,M-1010,2026-08-24,39808,1,30,,open
T-001231,M-1013,2026-08-24,11270,1,30,,open
T-001667,M-1019,2026-08-24,10751,1,30,,open
T-001740,M-1020,2026-08-24,8704,1,30,,open
T-002027,M-1024,2026-08-24,17912,1,30,,open
T-002031,M-1024,2026-08-24,25994,1,30,,open
T-002318,M-1028,2026-08-24,15477,1,30,,open
T-002394,M-1029,2026-08-24,2239,0,,,cash
T-000090,M-1001,2026-08-25,12359,1,30,,open
T-001048,M-1011,2026-08-25,40656,1,30,,open
T-001156,M-1012,2026-08-25,42738,0,,,cash
T-001302,M-1014,2026-08-25,14235,1,30,,open
T-001450,M-1016,2026-08-25,17464,1,30,,open
T-001807,M-1021,2026-08-25,25720,1,30,,open
T-002803,M-1036,2026-08-25,36718,1,30,,open
T-003024,M-1040,2026-08-25,21859,1,30,,open
T-003432,M-1046,2026-08-25,3874,1,21,,open
T-003570,M-1048,2026-08-25,13223,0,,,cash
T-003708,M-1050,2026-08-25,6000,1,21,,open
T-003877,M-1053,2026-08-25,1892,1,21,,open
T-003879,M-1053,2026-08-25,2534,1,21,,open
